"idx","level_1","level_2","level_3","level_4"
1,"01001_AM","01","16","01"
2,"01002","01","16","01"
3,"01010_AM","01","16","01"
4,"01031_AM","01","16","01"
5,"01036","01","16","01"
6,"01043_AM","01","16","01"
7,"01047_AM","01","16","01"
8,"01051","01","16","01"
9,"01058_AM","01","16","01"
10,"0105901","01","16","01"
11,"0105902","01","16","01"
12,"0105903","01","16","01"
13,"0105904","01","16","01"
14,"0105905","01","16","01"
15,"0105906","01","16","01"
16,"01063_AM","01","16","01"
17,"01901_AM","01","16","01"
18,"0200301","02","08","01"
19,"0200302","02","08","01"
20,"0200303","02","08","01"
21,"0200304","02","08","01"
22,"0200305","02","08","01"
23,"0200306","02","08","01"
24,"0200307","02","08","01"
25,"0200308","02","08","01"
26,"02008_AM","02","08","01"
27,"02009","02","08","01"
28,"02010_AM","02","08","01"
29,"02012_AM","02","08","01"
30,"02021_AM","02","08","01"
31,"02024_AM","02","08","01"
32,"02025","02","08","01"
33,"02029_AM","02","08","01"
34,"02030_AM","02","08","01"
35,"02033_AM","02","08","01"
36,"02037","02","08","01"
37,"02045_AM","02","08","01"
38,"02053_AM","02","08","01"
39,"02063_AM","02","08","01"
40,"02067_AM","02","08","01"
41,"02069_AM","02","08","01"
42,"02073_AM","02","08","01"
43,"02074","02","08","01"
44,"02079_AM","02","08","01"
45,"02081","02","08","01"
46,"02086_AM","02","08","01"
47,"03002_AM","03","10","01"
48,"03005_AM","03","10","01"
49,"0300901","03","10","01"
50,"0300902","03","10","01"
51,"0300903","03","10","01"
52,"0300904","03","10","01"
53,"0300905","03","10","01"
54,"0300906","03","10","01"
55,"0300907","03","10","01"
56,"0300908","03","10","01"
57,"03011","03","10","01"
58,"0301401","03","10","01"
59,"0301402","03","10","01"
60,"0301403","03","10","01"
61,"0301404","03","10","01"
62,"0301405","03","10","01"
63,"0301406","03","10","01"
64,"0301407","03","10","01"
65,"0301408","03","10","01"
66,"03015","03","10","01"
67,"03018","03","10","01"
68,"03019","03","10","01"
69,"03021","03","10","01"
70,"03024","03","10","01"
71,"03026_AM","03","10","01"
72,"03028_AM","03","10","01"
73,"0303101","03","10","01"
74,"0303102","03","10","01"
75,"0303103","03","10","01"
76,"0303104","03","10","01"
77,"03035_AM","03","10","01"
78,"03041","03","10","01"
79,"03043_AM","03","10","01"
80,"03044_AM","03","10","01"
81,"03046_AM","03","10","01"
82,"03047","03","10","01"
83,"03048","03","10","01"
84,"03049","03","10","01"
85,"03050","03","10","01"
86,"03053","03","10","01"
87,"03055","03","10","01"
88,"03056","03","10","01"
89,"03058_AM","03","10","01"
90,"03059","03","10","01"
91,"03063","03","10","01"
92,"03064","03","10","01"
93,"0306501","03","10","01"
94,"0306502","03","10","01"
95,"0306503","03","10","01"
96,"0306504","03","10","01"
97,"0306505","03","10","01"
98,"0306506","03","10","01"
99,"0306507","03","10","01"
100,"0306601","03","10","01"
101,"0306602_AD","03","10","01"
102,"0306604","03","10","01"
103,"0306605","03","10","01"
104,"03069","03","10","01"
105,"03070_AM","03","10","01"
106,"03071","03","10","01"
107,"03076","03","10","01"
108,"03077_AM","03","10","01"
109,"03079","03","10","01"
110,"03081_AM","03","10","01"
111,"03082","03","10","01"
112,"03083","03","10","01"
113,"03088","03","10","01"
114,"03089","03","10","01"
115,"03090","03","10","01"
116,"03092_AM","03","10","01"
117,"03093","03","10","01"
118,"03094","03","10","01"
119,"03095","03","10","01"
120,"03096","03","10","01"
121,"03097_AM","03","10","01"
122,"0309901","03","10","01"
123,"0309902","03","10","01"
124,"0309903","03","10","01"
125,"0309904","03","10","01"
126,"0309905","03","10","01"
127,"0309906","03","10","01"
128,"0309907","03","10","01"
129,"0309908","03","10","01"
130,"03101","03","10","01"
131,"03102","03","10","01"
132,"03104","03","10","01"
133,"03105","03","10","01"
134,"03107","03","10","01"
135,"03109","03","10","01"
136,"03111","03","10","01"
137,"03113","03","10","01"
138,"03118","03","10","01"
139,"03119","03","10","01"
140,"03120","03","10","01"
141,"03121","03","10","01"
142,"0312201","03","10","01"
143,"0312202","03","10","01"
144,"0312203","03","10","01"
145,"03123_AM","03","10","01"
146,"03128_AM","03","10","01"
147,"0313301","03","10","01"
148,"0313302","03","10","01"
149,"0313303","03","10","01"
150,"03138_AM","03","10","01"
151,"03139","03","10","01"
152,"03140","03","10","01"
153,"03902","03","10","01"
154,"03903_AM","03","10","01"
155,"04003","04","01","01"
156,"04006","04","01","01"
157,"04011_AM","04","01","01"
158,"0401301_AD","04","01","01"
159,"0401303","04","01","01"
160,"0401304","04","01","01"
161,"0401305","04","01","01"
162,"0401306","04","01","01"
163,"0401307","04","01","01"
164,"0401308","04","01","01"
165,"04016_AM","04","01","01"
166,"04017_AM","04","01","01"
167,"04024_AM","04","01","01"
168,"04029","04","01","01"
169,"04031_AM","04","01","01"
170,"04032","04","01","01"
171,"04035","04","01","01"
172,"04038_AM","04","01","01"
173,"04045_AM","04","01","01"
174,"04047_AM","04","01","01"
175,"04049","04","01","01"
176,"04050_AM","04","01","01"
177,"04052","04","01","01"
178,"04053","04","01","01"
179,"04057_AM","04","01","01"
180,"04062_AM","04","01","01"
181,"04064","04","01","01"
182,"04066","04","01","01"
183,"04069","04","01","01"
184,"04070_AM","04","01","01"
185,"04075","04","01","01"
186,"0407901","04","01","01"
187,"0407902","04","01","01"
188,"04088_AM","04","01","01"
189,"04092_AM","04","01","01"
190,"04093_AM","04","01","01"
191,"04098_AM","04","01","01"
192,"04099","04","01","01"
193,"04100","04","01","01"
194,"04101","04","01","01"
195,"04102","04","01","01"
196,"0490201","04","01","01"
197,"04903","04","01","01"
198,"05002_AM","05","07","01"
199,"05014_AM","05","07","01"
200,"05016","05","07","01"
201,"0501901_AD","05","07","01"
202,"0501904","05","07","01"
203,"0501905","05","07","01"
204,"0501906","05","07","01"
205,"05021_AM","05","07","01"
206,"05047","05","07","01"
207,"05054_AM","05","07","01"
208,"05057_AM","05","07","01"
209,"05114_AM","05","07","01"
210,"05132_AM","05","07","01"
211,"05163_AM","05","07","01"
212,"05168_AM","05","07","01"
213,"05186_AM","05","07","01"
214,"05204_AM","05","07","01"
215,"05220_AM","05","07","01"
216,"05238_AM","05","07","01"
217,"05240_AM","05","07","01"
218,"05241_AM","05","07","01"
219,"05242_AM","05","07","01"
220,"06002","06","11","01"
221,"06005_AM","06","11","01"
222,"06006","06","11","01"
223,"06011","06","11","01"
224,"06012_AM","06","11","01"
225,"06014_AM","06","11","01"
226,"0601501","06","11","01"
227,"0601502","06","11","01"
228,"0601503","06","11","01"
229,"0601504","06","11","01"
230,"0601505","06","11","01"
231,"0601506","06","11","01"
232,"0601507","06","11","01"
233,"0601508","06","11","01"
234,"0601509","06","11","01"
235,"0601510","06","11","01"
236,"06016_AM","06","11","01"
237,"06019_AM","06","11","01"
238,"06022_AM","06","11","01"
239,"06023_AM","06","11","01"
240,"06025","06","11","01"
241,"06028_AM","06","11","01"
242,"06036_AM","06","11","01"
243,"06044_AM","06","11","01"
244,"06050_AM","06","11","01"
245,"06052_AM","06","11","01"
246,"06054","06","11","01"
247,"06055_AM","06","11","01"
248,"06060_AM","06","11","01"
249,"06063_AM","06","11","01"
250,"06066_AM","06","11","01"
251,"06069_AM","06","11","01"
252,"06070_AM","06","11","01"
253,"06072_AM","06","11","01"
254,"06074_AM","06","11","01"
255,"0608301","06","11","01"
256,"0608302_AD","06","11","01"
257,"0608303","06","11","01"
258,"0608304","06","11","01"
259,"0608306","06","11","01"
260,"06085_AM","06","11","01"
261,"06088_AM","06","11","01"
262,"06091_AM","06","11","01"
263,"06093_AM","06","11","01"
264,"06094_AM","06","11","01"
265,"06095_AM","06","11","01"
266,"06103","06","11","01"
267,"06108_AM","06","11","01"
268,"06109_AM","06","11","01"
269,"06113_AM","06","11","01"
270,"06117_AM","06","11","01"
271,"06120_AM","06","11","01"
272,"06121_AM","06","11","01"
273,"06122","06","11","01"
274,"06123_AM","06","11","01"
275,"06125_AM","06","11","01"
276,"06127_AM","06","11","01"
277,"06128_AM","06","11","01"
278,"06149","06","11","01"
279,"06153","06","11","01"
280,"06154_AM","06","11","01"
281,"06155_AM","06","11","01"
282,"06158","06","11","01"
283,"06162_AM","06","11","01"
284,"07001","07","04","01"
285,"07002","07","04","01"
286,"07003","07","04","01"
287,"07004","07","04","01"
288,"07005","07","04","01"
289,"07006","07","04","01"
290,"07008","07","04","01"
291,"07010","07","04","01"
292,"07011","07","04","01"
293,"07012_AM","07","04","01"
294,"07013","07","04","01"
295,"07014","07","04","01"
296,"07015","07","04","01"
297,"07016","07","04","01"
298,"07020","07","04","01"
299,"07022","07","04","01"
300,"07023_AM","07","04","01"
301,"07024","07","04","01"
302,"07026","07","04","01"
303,"07027","07","04","01"
304,"07029","07","04","01"
305,"07030_AM","07","04","01"
306,"07031","07","04","01"
307,"07032","07","04","01"
308,"07033","07","04","01"
309,"07036","07","04","01"
310,"07037","07","04","01"
311,"07038_AM","07","04","01"
312,"07039","07","04","01"
313,"0704001","07","04","01"
314,"0704002","07","04","01"
315,"0704003","07","04","01"
316,"0704004","07","04","01"
317,"0704005","07","04","01"
318,"07042","07","04","01"
319,"07043","07","04","01"
320,"07044","07","04","01"
321,"07045_AM","07","04","01"
322,"07046","07","04","01"
323,"07047_AM","07","04","01"
324,"07048","07","04","01"
325,"07050","07","04","01"
326,"07051","07","04","01"
327,"07052","07","04","01"
328,"07054","07","04","01"
329,"07055","07","04","01"
330,"07056","07","04","01"
331,"07057","07","04","01"
332,"07058_AM","07","04","01"
333,"07059","07","04","01"
334,"07060_AM","07","04","01"
335,"07061","07","04","01"
336,"07062","07","04","01"
337,"07064","07","04","01"
338,"07065_AM","07","04","01"
339,"08001","08","09","01"
340,"08003","08","09","01"
341,"08005","08","09","01"
342,"08006","08","09","01"
343,"08007","08","09","01"
344,"08009","08","09","01"
345,"08010_AM","08","09","01"
346,"08014_AM","08","09","01"
347,"0801501","08","09","01"
348,"0801502","08","09","01"
349,"0801503","08","09","01"
350,"0801504","08","09","01"
351,"0801505","08","09","01"
352,"0801506","08","09","01"
353,"0801507","08","09","01"
354,"0801508","08","09","01"
355,"0801509","08","09","01"
356,"08016_AM","08","09","01"
357,"08017_AM","08","09","01"
358,"08018_AM","08","09","01"
359,"0801901","08","09","01"
360,"0801902","08","09","01"
361,"0801903","08","09","01"
362,"0801904","08","09","01"
363,"0801905","08","09","01"
364,"0801906","08","09","01"
365,"0801907","08","09","01"
366,"0801908","08","09","01"
367,"0801909","08","09","01"
368,"0801910","08","09","01"
369,"08020","08","09","01"
370,"08022","08","09","01"
371,"08023","08","09","01"
372,"08029","08","09","01"
373,"08030","08","09","01"
374,"08031_AM","08","09","01"
375,"08033","08","09","01"
376,"08035","08","09","01"
377,"08037_AM","08","09","01"
378,"08040","08","09","01"
379,"08041","08","09","01"
380,"08043_AM","08","09","01"
381,"08044_AM","08","09","01"
382,"08046","08","09","01"
383,"08047_AM","08","09","01"
384,"08051_AM","08","09","01"
385,"08053_AM","08","09","01"
386,"08054","08","09","01"
387,"0805601","08","09","01"
388,"0805602","08","09","01"
389,"0805603","08","09","01"
390,"0805604","08","09","01"
391,"0805605","08","09","01"
392,"08064_AM","08","09","01"
393,"08067","08","09","01"
394,"08068_AM","08","09","01"
395,"08069","08","09","01"
396,"08072","08","09","01"
397,"0807301","08","09","01"
398,"0807302","08","09","01"
399,"0807303","08","09","01"
400,"0807304","08","09","01"
401,"0807305","08","09","01"
402,"0807306","08","09","01"
403,"08074","08","09","01"
404,"08075","08","09","01"
405,"08076","08","09","01"
406,"08077","08","09","01"
407,"08085_AM","08","09","01"
408,"08086","08","09","01"
409,"08088","08","09","01"
410,"08089","08","09","01"
411,"08091_AM","08","09","01"
412,"08092_AM","08","09","01"
413,"08094_AM","08","09","01"
414,"0809601","08","09","01"
415,"0809602","08","09","01"
416,"0809603","08","09","01"
417,"0809604","08","09","01"
418,"08098_AM","08","09","01"
419,"08100_AM","08","09","01"
420,"0810101","08","09","01"
421,"0810102","08","09","01"
422,"0810103","08","09","01"
423,"0810104","08","09","01"
424,"0810105","08","09","01"
425,"0810106","08","09","01"
426,"08102","08","09","01"
427,"08105","08","09","01"
428,"08106","08","09","01"
429,"08107","08","09","01"
430,"08108","08","09","01"
431,"08110","08","09","01"
432,"08112","08","09","01"
433,"0811301_AD","08","09","01"
434,"0811302","08","09","01"
435,"0811304","08","09","01"
436,"0811305","08","09","01"
437,"08114","08","09","01"
438,"08115_AM","08","09","01"
439,"08118","08","09","01"
440,"08119","08","09","01"
441,"08120","08","09","01"
442,"0812101","08","09","01"
443,"0812102","08","09","01"
444,"0812103","08","09","01"
445,"0812104","08","09","01"
446,"0812105","08","09","01"
447,"0812106","08","09","01"
448,"08122_AM","08","09","01"
449,"08123","08","09","01"
450,"0812401","08","09","01"
451,"0812402","08","09","01"
452,"0812403","08","09","01"
453,"08125","08","09","01"
454,"08126","08","09","01"
455,"08135","08","09","01"
456,"08136","08","09","01"
457,"08138","08","09","01"
458,"08140","08","09","01"
459,"08141","08","09","01"
460,"08143_AM","08","09","01"
461,"08145_AM","08","09","01"
462,"08147","08","09","01"
463,"08155_AM","08","09","01"
464,"08156","08","09","01"
465,"08157","08","09","01"
466,"08158","08","09","01"
467,"08159","08","09","01"
468,"08161","08","09","01"
469,"08162_AM","08","09","01"
470,"08163","08","09","01"
471,"08167","08","09","01"
472,"0816901","08","09","01"
473,"0816902","08","09","01"
474,"0816903","08","09","01"
475,"0816904","08","09","01"
476,"0816905","08","09","01"
477,"08171_AM","08","09","01"
478,"08172","08","09","01"
479,"08175_AM","08","09","01"
480,"08180","08","09","01"
481,"08181","08","09","01"
482,"08182","08","09","01"
483,"08183","08","09","01"
484,"0818401","08","09","01"
485,"0818402","08","09","01"
486,"0818403","08","09","01"
487,"0818404","08","09","01"
488,"0818701","08","09","01"
489,"0818702","08","09","01"
490,"0818703","08","09","01"
491,"0818704","08","09","01"
492,"0818705","08","09","01"
493,"0818706","08","09","01"
494,"0818707","08","09","01"
495,"08191","08","09","01"
496,"08192","08","09","01"
497,"08194","08","09","01"
498,"08196","08","09","01"
499,"08197","08","09","01"
500,"08198","08","09","01"
501,"0820001","08","09","01"
502,"0820002","08","09","01"
503,"0820003","08","09","01"
504,"0820004","08","09","01"
505,"0820005","08","09","01"
506,"0820006","08","09","01"
507,"08202","08","09","01"
508,"08203_AM","08","09","01"
509,"08204","08","09","01"
510,"0820501","08","09","01"
511,"0820502","08","09","01"
512,"0820503","08","09","01"
513,"0820504_AD","08","09","01"
514,"0820505","08","09","01"
515,"08208_AM","08","09","01"
516,"08209","08","09","01"
517,"08210","08","09","01"
518,"08211","08","09","01"
519,"08213","08","09","01"
520,"08214","08","09","01"
521,"08215_AM","08","09","01"
522,"08217","08","09","01"
523,"08218_AM","08","09","01"
524,"08219","08","09","01"
525,"08220_AM","08","09","01"
526,"08221","08","09","01"
527,"08227_AM","08","09","01"
528,"08230","08","09","01"
529,"08231","08","09","01"
530,"08232_AM","08","09","01"
531,"08233_AM","08","09","01"
532,"08234_AM","08","09","01"
533,"08235","08","09","01"
534,"08237_AM","08","09","01"
535,"08238","08","09","01"
536,"08240","08","09","01"
537,"08244","08","09","01"
538,"0824501","08","09","01"
539,"0824502","08","09","01"
540,"0824503","08","09","01"
541,"0824504","08","09","01"
542,"0824505","08","09","01"
543,"0824506","08","09","01"
544,"08248","08","09","01"
545,"08250","08","09","01"
546,"08251","08","09","01"
547,"08252","08","09","01"
548,"08259","08","09","01"
549,"08260","08","09","01"
550,"08262_AM","08","09","01"
551,"08263","08","09","01"
552,"08264_AM","08","09","01"
553,"08266","08","09","01"
554,"08267","08","09","01"
555,"08268_AM","08","09","01"
556,"08269_AM","08","09","01"
557,"08270","08","09","01"
558,"08273_AM","08","09","01"
559,"08274","08","09","01"
560,"08278_AM","08","09","01"
561,"0827901","08","09","01"
562,"0827902","08","09","01"
563,"0827903_AD","08","09","01"
564,"0827904","08","09","01"
565,"0827905","08","09","01"
566,"0827906","08","09","01"
567,"08281","08","09","01"
568,"08282","08","09","01"
569,"08283","08","09","01"
570,"08284_AM","08","09","01"
571,"08285","08","09","01"
572,"08286_AM","08","09","01"
573,"08288_AM","08","09","01"
574,"08289","08","09","01"
575,"08291","08","09","01"
576,"08295","08","09","01"
577,"08298","08","09","01"
578,"08300_AM","08","09","01"
579,"0830101","08","09","01"
580,"0830102","08","09","01"
581,"08302","08","09","01"
582,"08305","08","09","01"
583,"0830701","08","09","01"
584,"0830702","08","09","01"
585,"0830703","08","09","01"
586,"0830704","08","09","01"
587,"08902_AM","08","09","01"
588,"08904","08","09","01"
589,"09018","09","07","01"
590,"09048_AM","09","07","01"
591,"09056","09","07","01"
592,"0905901_AD","09","07","01"
593,"0905903","09","07","01"
594,"0905905","09","07","01"
595,"0905906","09","07","01"
596,"0905907","09","07","01"
597,"0905908","09","07","01"
598,"0905909","09","07","01"
599,"09073_AM","09","07","01"
600,"09109_AM","09","07","01"
601,"09141_AM","09","07","01"
602,"09174_AM","09","07","01"
603,"09177_AM","09","07","01"
604,"09194_AM","09","07","01"
605,"09209_AM","09","07","01"
606,"09211_AM","09","07","01"
607,"09219","09","07","01"
608,"09238_AM","09","07","01"
609,"09289_AM","09","07","01"
610,"09321_AM","09","07","01"
611,"09330_AM","09","07","01"
612,"09350_AM","09","07","01"
613,"09363_AM","09","07","01"
614,"09410","09","07","01"
615,"09413_AM","09","07","01"
616,"09434_AM","09","07","01"
617,"09439_AM","09","07","01"
618,"09903_AM","09","07","01"
619,"09907_AM","09","07","01"
620,"10006_AM","10","11","01"
621,"10010_AM","10","11","01"
622,"10018_AM","10","11","01"
623,"10019_AM","10","11","01"
624,"10020_AM","10","11","01"
625,"10021","10","11","01"
626,"10035_AM","10","11","01"
627,"1003701","10","11","01"
628,"1003702","10","11","01"
629,"1003703","10","11","01"
630,"1003704","10","11","01"
631,"1003705","10","11","01"
632,"1003706_AD","10","11","01"
633,"10049_AM","10","11","01"
634,"10050_AM","10","11","01"
635,"10061_AM","10","11","01"
636,"10064_AM","10","11","01"
637,"10067","10","11","01"
638,"10087_AM","10","11","01"
639,"10089_AM","10","11","01"
640,"10096_AM","10","11","01"
641,"10104","10","11","01"
642,"10105_AM","10","11","01"
643,"10109_AM","10","11","01"
644,"10110_AM","10","11","01"
645,"10113_AM","10","11","01"
646,"10115","10","11","01"
647,"10116_AM","10","11","01"
648,"10121","10","11","01"
649,"10127","10","11","01"
650,"10128","10","11","01"
651,"10131","10","11","01"
652,"10140_AM","10","11","01"
653,"10146_AM","10","11","01"
654,"10147_AM","10","11","01"
655,"10148","10","11","01"
656,"10175_AM","10","11","01"
657,"10177_AM","10","11","01"
658,"10180_AM","10","11","01"
659,"10184_AM","10","11","01"
660,"10186_AM","10","11","01"
661,"10189_AM","10","11","01"
662,"10195_AM","10","11","01"
663,"10203","10","11","01"
664,"10205_AM","10","11","01"
665,"10212_AM","10","11","01"
666,"10216_AM","10","11","01"
667,"11001","11","01","01"
668,"11002_AM","11","01","01"
669,"1100401","11","01","01"
670,"1100402","11","01","01"
671,"1100403","11","01","01"
672,"1100404","11","01","01"
673,"11005_AM","11","01","01"
674,"11006","11","01","01"
675,"11007","11","01","01"
676,"11008","11","01","01"
677,"11010_AM","11","01","01"
678,"11011_AM","11","01","01"
679,"1101201","11","01","01"
680,"1101202","11","01","01"
681,"1101203","11","01","01"
682,"1101204","11","01","01"
683,"1101205","11","01","01"
684,"1101206_AD","11","01","01"
685,"1101208","11","01","01"
686,"1101209","11","01","01"
687,"1101210","11","01","01"
688,"11014","11","01","01"
689,"1101501","11","01","01"
690,"1101502","11","01","01"
691,"1101503","11","01","01"
692,"1101504","11","01","01"
693,"1101505","11","01","01"
694,"11016","11","01","01"
695,"1102001","11","01","01"
696,"1102002","11","01","01"
697,"1102003","11","01","01"
698,"1102004","11","01","01"
699,"1102005","11","01","01"
700,"1102006","11","01","01"
701,"1102007","11","01","01"
702,"1102008_AD","11","01","01"
703,"1102009","11","01","01"
704,"11021_AM","11","01","01"
705,"1102201","11","01","01"
706,"1102202","11","01","01"
707,"1102203","11","01","01"
708,"1102204","11","01","01"
709,"1102205","11","01","01"
710,"1102206","11","01","01"
711,"1102207","11","01","01"
712,"11023","11","01","01"
713,"11024_AM","11","01","01"
714,"11025","11","01","01"
715,"11026_AM","11","01","01"
716,"1102701","11","01","01"
717,"1102702","11","01","01"
718,"1102703","11","01","01"
719,"1102704","11","01","01"
720,"11028","11","01","01"
721,"11029","11","01","01"
722,"11030","11","01","01"
723,"1103101","11","01","01"
724,"1103102_AD","11","01","01"
725,"1103104","11","01","01"
726,"1103105","11","01","01"
727,"1103106","11","01","01"
728,"1103201","11","01","01"
729,"1103202","11","01","01"
730,"1103203_AD","11","01","01"
731,"1103205","11","01","01"
732,"11033","11","01","01"
733,"11035","11","01","01"
734,"11037","11","01","01"
735,"11038","11","01","01"
736,"11039","11","01","01"
737,"11041","11","01","01"
738,"11901","11","01","01"
739,"11902_AM","11","01","01"
740,"12004","12","10","01"
741,"12005","12","10","01"
742,"12009","12","10","01"
743,"12011_AM","12","10","01"
744,"12012_AM","12","10","01"
745,"12016_AM","12","10","01"
746,"12021","12","10","01"
747,"12027","12","10","01"
748,"12028","12","10","01"
749,"12031_AM","12","10","01"
750,"12032","12","10","01"
751,"12033_AM","12","10","01"
752,"1204001_AD","12","10","01"
753,"1204003","12","10","01"
754,"1204004","12","10","01"
755,"1204005","12","10","01"
756,"1204006","12","10","01"
757,"1204007","12","10","01"
758,"1204008","12","10","01"
759,"1204009","12","10","01"
760,"12050_AM","12","10","01"
761,"12072_AM","12","10","01"
762,"12077_AM","12","10","01"
763,"12080_AM","12","10","01"
764,"12082_AM","12","10","01"
765,"12084","12","10","01"
766,"12085","12","10","01"
767,"12089","12","10","01"
768,"12100_AM","12","10","01"
769,"12104","12","10","01"
770,"12106_AM","12","10","01"
771,"12117","12","10","01"
772,"12121_AM","12","10","01"
773,"12124_AM","12","10","01"
774,"12126","12","10","01"
775,"12129_AM","12","10","01"
776,"1213501","12","10","01"
777,"1213502","12","10","01"
778,"1213503","12","10","01"
779,"1213504","12","10","01"
780,"12138","12","10","01"
781,"12140_AM","12","10","01"
782,"12901","12","10","01"
783,"13005","13","08","01"
784,"13011","13","08","01"
785,"13013_AM","13","08","01"
786,"13015","13","08","01"
787,"13019","13","08","01"
788,"13020_AM","13","08","01"
789,"13023","13","08","01"
790,"13027_AM","13","08","01"
791,"13028_AM","13","08","01"
792,"13031_AM","13","08","01"
793,"1303401_AD","13","08","01"
794,"1303402","13","08","01"
795,"1303403","13","08","01"
796,"1303404","13","08","01"
797,"13038_AM","13","08","01"
798,"13039","13","08","01"
799,"13042_AM","13","08","01"
800,"13044_AM","13","08","01"
801,"13047","13","08","01"
802,"13052","13","08","01"
803,"13053_AM","13","08","01"
804,"13054","13","08","01"
805,"13056","13","08","01"
806,"13058","13","08","01"
807,"13061","13","08","01"
808,"13063_AM","13","08","01"
809,"13064_AM","13","08","01"
810,"13065_AM","13","08","01"
811,"13068_AM","13","08","01"
812,"13071","13","08","01"
813,"13077_AM","13","08","01"
814,"13078","13","08","01"
815,"13079","13","08","01"
816,"13082","13","08","01"
817,"13085_AM","13","08","01"
818,"13087","13","08","01"
819,"13089_AM","13","08","01"
820,"13092_AM","13","08","01"
821,"13093_AM","13","08","01"
822,"13096","13","08","01"
823,"13097_AM","13","08","01"
824,"14001_AM","14","01","01"
825,"14002","14","01","01"
826,"14005_AM","14","01","01"
827,"14007_AM","14","01","01"
828,"14008_AM","14","01","01"
829,"14009_AM","14","01","01"
830,"14010_AM","14","01","01"
831,"14012_AM","14","01","01"
832,"14013","14","01","01"
833,"14017","14","01","01"
834,"14019","14","01","01"
835,"1402101","14","01","01"
836,"1402102","14","01","01"
837,"1402103","14","01","01"
838,"1402104","14","01","01"
839,"1402105","14","01","01"
840,"1402106","14","01","01"
841,"1402107","14","01","01"
842,"1402108","14","01","01"
843,"1402109","14","01","01"
844,"1402110","14","01","01"
845,"14022_AM","14","01","01"
846,"14023_AM","14","01","01"
847,"14027","14","01","01"
848,"14029_AM","14","01","01"
849,"14030_AM","14","01","01"
850,"14035","14","01","01"
851,"14038","14","01","01"
852,"14039_AM","14","01","01"
853,"14041_AM","14","01","01"
854,"14042","14","01","01"
855,"14043_AM","14","01","01"
856,"14045_AM","14","01","01"
857,"14046","14","01","01"
858,"14049","14","01","01"
859,"14052","14","01","01"
860,"14053_AM","14","01","01"
861,"14054","14","01","01"
862,"14055_AM","14","01","01"
863,"14056","14","01","01"
864,"14057_AM","14","01","01"
865,"14058_AM","14","01","01"
866,"14060_AM","14","01","01"
867,"14066","14","01","01"
868,"14067_AM","14","01","01"
869,"14069_AM","14","01","01"
870,"14073_AM","14","01","01"
871,"15001","15","12","01"
872,"15002","15","12","01"
873,"15004","15","12","01"
874,"15005","15","12","01"
875,"15006_AM","15","12","01"
876,"15008","15","12","01"
877,"15009","15","12","01"
878,"15010_AM","15","12","01"
879,"15011","15","12","01"
880,"15012_AM","15","12","01"
881,"15013","15","12","01"
882,"15014_AM","15","12","01"
883,"15016","15","12","01"
884,"15017","15","12","01"
885,"15019","15","12","01"
886,"15020_AM","15","12","01"
887,"15021","15","12","01"
888,"15022_AM","15","12","01"
889,"15023_AM","15","12","01"
890,"15024_AM","15","12","01"
891,"15029","15","12","01"
892,"1503001","15","12","01"
893,"1503002","15","12","01"
894,"1503003","15","12","01"
895,"1503004","15","12","01"
896,"1503005","15","12","01"
897,"1503006","15","12","01"
898,"1503007","15","12","01"
899,"1503008","15","12","01"
900,"1503009","15","12","01"
901,"1503010","15","12","01"
902,"15031","15","12","01"
903,"15032_AM","15","12","01"
904,"15035_AM","15","12","01"
905,"1503601","15","12","01"
906,"1503602","15","12","01"
907,"1503603_AD","15","12","01"
908,"1503606","15","12","01"
909,"1503607","15","12","01"
910,"1503608","15","12","01"
911,"15037","15","12","01"
912,"15041","15","12","01"
913,"15043","15","12","01"
914,"15046","15","12","01"
915,"15047_AM","15","12","01"
916,"15048","15","12","01"
917,"15050_AM","15","12","01"
918,"15051","15","12","01"
919,"15052_AM","15","12","01"
920,"15053","15","12","01"
921,"15054","15","12","01"
922,"15055_AM","15","12","01"
923,"15056","15","12","01"
924,"15057","15","12","01"
925,"15058","15","12","01"
926,"15059","15","12","01"
927,"15060","15","12","01"
928,"15061_AM","15","12","01"
929,"15062","15","12","01"
930,"15064_AM","15","12","01"
931,"15065","15","12","01"
932,"15066","15","12","01"
933,"15067","15","12","01"
934,"15068","15","12","01"
935,"15069","15","12","01"
936,"15070_AM","15","12","01"
937,"15071","15","12","01"
938,"15072","15","12","01"
939,"15073","15","12","01"
940,"15074_AM","15","12","01"
941,"15075","15","12","01"
942,"15077","15","12","01"
943,"1507801","15","12","01"
944,"1507802","15","12","01"
945,"1507803","15","12","01"
946,"1507804","15","12","01"
947,"1507805","15","12","01"
948,"1507806","15","12","01"
949,"15082","15","12","01"
950,"15087","15","12","01"
951,"15088_AM","15","12","01"
952,"15089","15","12","01"
953,"15092","15","12","01"
954,"15093","15","12","01"
955,"15902","15","12","01"
956,"16023_AM","16","08","01"
957,"16027_AM","16","08","01"
958,"16042_AM","16","08","01"
959,"16066_AM","16","08","01"
960,"1607801_AD","16","08","01"
961,"1607804","16","08","01"
962,"16102_AM","16","08","01"
963,"16106_AM","16","08","01"
964,"16112_AM","16","08","01"
965,"16113_AM","16","08","01"
966,"16117_AM","16","08","01"
967,"16124_AM","16","08","01"
968,"16125_AM","16","08","01"
969,"16133","16","08","01"
970,"16134","16","08","01"
971,"16154","16","08","01"
972,"16170_AM","16","08","01"
973,"16171_AM","16","08","01"
974,"16175","16","08","01"
975,"16190","16","08","01"
976,"16191_AM","16","08","01"
977,"16203","16","08","01"
978,"16249_AM","16","08","01"
979,"16251_AM","16","08","01"
980,"16903_AM","16","08","01"
981,"16905_AM","16","08","01"
982,"17006_AM","17","09","01"
983,"17007_AM","17","09","01"
984,"17008","17","09","01"
985,"17009","17","09","01"
986,"17012_AM","17","09","01"
987,"17013_AM","17","09","01"
988,"17015","17","09","01"
989,"17016_AM","17","09","01"
990,"17019_AM","17","09","01"
991,"17020_AM","17","09","01"
992,"17022","17","09","01"
993,"17023","17","09","01"
994,"17032_AM","17","09","01"
995,"17033","17","09","01"
996,"17034","17","09","01"
997,"17036_AM","17","09","01"
998,"17039_AM","17","09","01"
999,"17044","17","09","01"
1000,"17047","17","09","01"
1001,"17048","17","09","01"
1002,"17049_AM","17","09","01"
1003,"17056_AM","17","09","01"
1004,"17062","17","09","01"
1005,"17066","17","09","01"
1006,"17067_AM","17","09","01"
1007,"1707901","17","09","01"
1008,"1707902","17","09","01"
1009,"1707903","17","09","01"
1010,"1707904_AD","17","09","01"
1011,"1707906","17","09","01"
1012,"17083_AM","17","09","01"
1013,"17086_AM","17","09","01"
1014,"17089","17","09","01"
1015,"17092_AM","17","09","01"
1016,"17094","17","09","01"
1017,"17095","17","09","01"
1018,"17103","17","09","01"
1019,"17111_AM","17","09","01"
1020,"17114","17","09","01"
1021,"17117","17","09","01"
1022,"17118","17","09","01"
1023,"17132_AM","17","09","01"
1024,"17137_AM","17","09","01"
1025,"17141","17","09","01"
1026,"17142_AM","17","09","01"
1027,"17146_AM","17","09","01"
1028,"17147","17","09","01"
1029,"17152","17","09","01"
1030,"17155","17","09","01"
1031,"17160","17","09","01"
1032,"17163_AM","17","09","01"
1033,"17164_AM","17","09","01"
1034,"17167_AM","17","09","01"
1035,"17178_AM","17","09","01"
1036,"17180_AM","17","09","01"
1037,"17181","17","09","01"
1038,"17185_AM","17","09","01"
1039,"17186","17","09","01"
1040,"17193","17","09","01"
1041,"17199","17","09","01"
1042,"17202","17","09","01"
1043,"17207_AM","17","09","01"
1044,"17211_AM","17","09","01"
1045,"17213","17","09","01"
1046,"17221","17","09","01"
1047,"17223_AM","17","09","01"
1048,"17233_AM","17","09","01"
1049,"17901_AM","17","09","01"
1050,"17902_AM","17","09","01"
1051,"18003","18","01","01"
1052,"18006","18","01","01"
1053,"18011_AM","18","01","01"
1054,"18013_AM","18","01","01"
1055,"18014_AM","18","01","01"
1056,"18017","18","01","01"
1057,"18021","18","01","01"
1058,"18022","18","01","01"
1059,"18023","18","01","01"
1060,"18027_AM","18","01","01"
1061,"18029_AM","18","01","01"
1062,"18036","18","01","01"
1063,"18047","18","01","01"
1064,"18056_AM","18","01","01"
1065,"18057","18","01","01"
1066,"18059","18","01","01"
1067,"18061_AM","18","01","01"
1068,"18062","18","01","01"
1069,"18063_AM","18","01","01"
1070,"18066_AM","18","01","01"
1071,"18071_AM","18","01","01"
1072,"18079_AM","18","01","01"
1073,"18084","18","01","01"
1074,"1808701","18","01","01"
1075,"1808702","18","01","01"
1076,"1808703","18","01","01"
1077,"1808704_AD","18","01","01"
1078,"1808706","18","01","01"
1079,"1808707","18","01","01"
1080,"1808709","18","01","01"
1081,"18088_AM","18","01","01"
1082,"18089","18","01","01"
1083,"18093","18","01","01"
1084,"18094_AM","18","01","01"
1085,"18098","18","01","01"
1086,"18099_AM","18","01","01"
1087,"18100","18","01","01"
1088,"18101","18","01","01"
1089,"18102_AM","18","01","01"
1090,"18105","18","01","01"
1091,"18108_AM","18","01","01"
1092,"18116_AM","18","01","01"
1093,"18119_AM","18","01","01"
1094,"18122_AM","18","01","01"
1095,"18127","18","01","01"
1096,"18132_AM","18","01","01"
1097,"18133_AM","18","01","01"
1098,"18134","18","01","01"
1099,"18135_AM","18","01","01"
1100,"18136_AM","18","01","01"
1101,"18138_AM","18","01","01"
1102,"1814001","18","01","01"
1103,"1814002","18","01","01"
1104,"1814003","18","01","01"
1105,"1814004","18","01","01"
1106,"1814005_AD","18","01","01"
1107,"18145","18","01","01"
1108,"18147","18","01","01"
1109,"18149_AM","18","01","01"
1110,"18150","18","01","01"
1111,"18152_AM","18","01","01"
1112,"18153","18","01","01"
1113,"18158","18","01","01"
1114,"18162_AM","18","01","01"
1115,"18164_AM","18","01","01"
1116,"18165","18","01","01"
1117,"18173","18","01","01"
1118,"18175","18","01","01"
1119,"18182_AM","18","01","01"
1120,"18184_AM","18","01","01"
1121,"18193","18","01","01"
1122,"18194_AM","18","01","01"
1123,"18903_AM","18","01","01"
1124,"18905","18","01","01"
1125,"18907_AM","18","01","01"
1126,"18911","18","01","01"
1127,"19024","19","08","01"
1128,"19046_AM","19","08","01"
1129,"19053_AM","19","08","01"
1130,"19058_AM","19","08","01"
1131,"19071_AM","19","08","01"
1132,"19086_AM","19","08","01"
1133,"1913001","19","08","01"
1134,"1913002","19","08","01"
1135,"1913003","19","08","01"
1136,"1913004","19","08","01"
1137,"1913005","19","08","01"
1138,"19151_AM","19","08","01"
1139,"19156_AM","19","08","01"
1140,"19160_AM","19","08","01"
1141,"19171","19","08","01"
1142,"19190_AM","19","08","01"
1143,"19192_AM","19","08","01"
1144,"19220_AM","19","08","01"
1145,"19245_AM","19","08","01"
1146,"19257_AM","19","08","01"
1147,"19274_AM","19","08","01"
1148,"19280_AM","19","08","01"
1149,"19319","19","08","01"
1150,"19326_AM","19","08","01"
1151,"19331_AM","19","08","01"
1152,"20005_AM","20","16","01"
1153,"20009","20","16","01"
1154,"20010_AM","20","16","01"
1155,"20013","20","16","01"
1156,"20017","20","16","01"
1157,"20018","20","16","01"
1158,"20019","20","16","01"
1159,"20022_AM","20","16","01"
1160,"20025_AM","20","16","01"
1161,"20027_AM","20","16","01"
1162,"20028_AM","20","16","01"
1163,"20029","20","16","01"
1164,"20030","20","16","01"
1165,"20032","20","16","01"
1166,"20034_AM","20","16","01"
1167,"20036","20","16","01"
1168,"20039_AM","20","16","01"
1169,"20040","20","16","01"
1170,"20042","20","16","01"
1171,"20043_AM","20","16","01"
1172,"2004501","20","16","01"
1173,"2004502","20","16","01"
1174,"2004503","20","16","01"
1175,"2004504","20","16","01"
1176,"20049","20","16","01"
1177,"20051","20","16","01"
1178,"20052_AM","20","16","01"
1179,"20053","20","16","01"
1180,"20055","20","16","01"
1181,"20056_AM","20","16","01"
1182,"20059","20","16","01"
1183,"20061","20","16","01"
1184,"20063","20","16","01"
1185,"20064","20","16","01"
1186,"20067","20","16","01"
1187,"2006901","20","16","01"
1188,"2006902","20","16","01"
1189,"2006903","20","16","01"
1190,"2006904","20","16","01"
1191,"2006905","20","16","01"
1192,"2006906","20","16","01"
1193,"2006907","20","16","01"
1194,"20071","20","16","01"
1195,"20072","20","16","01"
1196,"20073","20","16","01"
1197,"20074_AM","20","16","01"
1198,"20075","20","16","01"
1199,"20076","20","16","01"
1200,"20077_AM","20","16","01"
1201,"20079","20","16","01"
1202,"20080","20","16","01"
1203,"20081","20","16","01"
1204,"20902","20","16","01"
1205,"20903","20","16","01"
1206,"21002","21","01","01"
1207,"21005","21","01","01"
1208,"21006_AM","21","01","01"
1209,"21007_AM","21","01","01"
1210,"21008_AM","21","01","01"
1211,"21010_AM","21","01","01"
1212,"21011","21","01","01"
1213,"21013","21","01","01"
1214,"21014_AM","21","01","01"
1215,"21021","21","01","01"
1216,"21023_AM","21","01","01"
1217,"21025","21","01","01"
1218,"21029_AM","21","01","01"
1219,"21035_AM","21","01","01"
1220,"21040_AM","21","01","01"
1221,"2104101","21","01","01"
1222,"2104102","21","01","01"
1223,"2104103","21","01","01"
1224,"2104104","21","01","01"
1225,"2104105","21","01","01"
1226,"2104106","21","01","01"
1227,"2104107","21","01","01"
1228,"2104108","21","01","01"
1229,"21042","21","01","01"
1230,"21043_AM","21","01","01"
1231,"21044","21","01","01"
1232,"21049_AM","21","01","01"
1233,"21050","21","01","01"
1234,"21052_AM","21","01","01"
1235,"21053_AM","21","01","01"
1236,"21054","21","01","01"
1237,"21055","21","01","01"
1238,"21056_AM","21","01","01"
1239,"21058_AM","21","01","01"
1240,"21060","21","01","01"
1241,"21061","21","01","01"
1242,"21064","21","01","01"
1243,"21069_AM","21","01","01"
1244,"21070","21","01","01"
1245,"21072","21","01","01"
1246,"21074_AM","21","01","01"
1247,"21076_AM","21","01","01"
1248,"22017_AM","22","02","01"
1249,"22021_AM","22","02","01"
1250,"22039_AM","22","02","01"
1251,"22048","22","02","01"
1252,"22053_AM","22","02","01"
1253,"22054_AM","22","02","01"
1254,"22060_AM","22","02","01"
1255,"22061","22","02","01"
1256,"22084_AM","22","02","01"
1257,"22112_AM","22","02","01"
1258,"22116_AM","22","02","01"
1259,"22117_AM","22","02","01"
1260,"2212501","22","02","01"
1261,"2212502","22","02","01"
1262,"2212503","22","02","01"
1263,"2212504","22","02","01"
1264,"2212505","22","02","01"
1265,"2212506","22","02","01"
1266,"2212507","22","02","01"
1267,"2212508","22","02","01"
1268,"22130","22","02","01"
1269,"22137_AM","22","02","01"
1270,"22158","22","02","01"
1271,"22199","22","02","01"
1272,"22204_AM","22","02","01"
1273,"22213_AM","22","02","01"
1274,"22225_AM","22","02","01"
1275,"22228_AM","22","02","01"
1276,"22254_AM","22","02","01"
1277,"22901_AM","22","02","01"
1278,"22907_AM","22","02","01"
1279,"23002","23","01","01"
1280,"23003","23","01","01"
1281,"23005","23","01","01"
1282,"23006_AM","23","01","01"
1283,"23009","23","01","01"
1284,"23010","23","01","01"
1285,"23012_AM","23","01","01"
1286,"23014_AM","23","01","01"
1287,"23018_AM","23","01","01"
1288,"23024","23","01","01"
1289,"23025_AM","23","01","01"
1290,"23026_AM","23","01","01"
1291,"23028","23","01","01"
1292,"23038","23","01","01"
1293,"23039_AM","23","01","01"
1294,"23044_AM","23","01","01"
1295,"2305001","23","01","01"
1296,"2305002","23","01","01"
1297,"2305003","23","01","01"
1298,"2305004","23","01","01"
1299,"2305005","23","01","01"
1300,"2305006","23","01","01"
1301,"2305007_AD","23","01","01"
1302,"2305009","23","01","01"
1303,"23053","23","01","01"
1304,"2305501_AD","23","01","01"
1305,"2305502_AD","23","01","01"
1306,"2305504","23","01","01"
1307,"2305505","23","01","01"
1308,"2305506","23","01","01"
1309,"2305507","23","01","01"
1310,"23058","23","01","01"
1311,"23059_AM","23","01","01"
1312,"23060_AM","23","01","01"
1313,"23061_AM","23","01","01"
1314,"23063_AM","23","01","01"
1315,"23066","23","01","01"
1316,"23067_AM","23","01","01"
1317,"23069_AM","23","01","01"
1318,"23070_AM","23","01","01"
1319,"23073_AM","23","01","01"
1320,"23074_AM","23","01","01"
1321,"23079_AM","23","01","01"
1322,"23082_AM","23","01","01"
1323,"23086_AM","23","01","01"
1324,"23087","23","01","01"
1325,"23088_AM","23","01","01"
1326,"23092","23","01","01"
1327,"23093_AM","23","01","01"
1328,"23094_AM","23","01","01"
1329,"23095","23","01","01"
1330,"23096_AM","23","01","01"
1331,"23097_AM","23","01","01"
1332,"23099","23","01","01"
1333,"23902_AM","23","01","01"
1334,"23903_AM","23","01","01"
1335,"23904_AM","23","01","01"
1336,"23905_AM","23","01","01"
1337,"24008","24","07","01"
1338,"24010","24","07","01"
1339,"24014","24","07","01"
1340,"24015_AM","24","07","01"
1341,"24021_AM","24","07","01"
1342,"24030","24","07","01"
1343,"24034_AM","24","07","01"
1344,"24038_AM","24","07","01"
1345,"24039_AM","24","07","01"
1346,"24056_AM","24","07","01"
1347,"24065_AM","24","07","01"
1348,"24070_AM","24","07","01"
1349,"24083_AM","24","07","01"
1350,"24088_AM","24","07","01"
1351,"2408901","24","07","01"
1352,"2408902","24","07","01"
1353,"2408903","24","07","01"
1354,"2408904","24","07","01"
1355,"2408905","24","07","01"
1356,"2408906","24","07","01"
1357,"2408907","24","07","01"
1358,"2408908_AD","24","07","01"
1359,"2408910","24","07","01"
1360,"24092_AM","24","07","01"
1361,"24094_AM","24","07","01"
1362,"2411501","24","07","01"
1363,"2411502","24","07","01"
1364,"2411503_AD","24","07","01"
1365,"2411505","24","07","01"
1366,"24122_AM","24","07","01"
1367,"24134_AM","24","07","01"
1368,"24139_AM","24","07","01"
1369,"24142","24","07","01"
1370,"24148_AM","24","07","01"
1371,"24154_AM","24","07","01"
1372,"24157_AM","24","07","01"
1373,"24160_AM","24","07","01"
1374,"24163_AM","24","07","01"
1375,"24169_AM","24","07","01"
1376,"24170_AM","24","07","01"
1377,"24175_AM","24","07","01"
1378,"24181_AM","24","07","01"
1379,"24183_AM","24","07","01"
1380,"24188","24","07","01"
1381,"24189","24","07","01"
1382,"24196_AM","24","07","01"
1383,"24202","24","07","01"
1384,"24209_AM","24","07","01"
1385,"24212_AM","24","07","01"
1386,"24222","24","07","01"
1387,"24223_AM","24","07","01"
1388,"25003","25","09","01"
1389,"25007_AM","25","09","01"
1390,"25008_AM","25","09","01"
1391,"25011_AM","25","09","01"
1392,"25012_AM","25","09","01"
1393,"25019","25","09","01"
1394,"25021_AM","25","09","01"
1395,"25023","25","09","01"
1396,"25025_AM","25","09","01"
1397,"25029_AM","25","09","01"
1398,"25033_AM","25","09","01"
1399,"25034_AM","25","09","01"
1400,"25038_AM","25","09","01"
1401,"25040","25","09","01"
1402,"25048_AM","25","09","01"
1403,"25050","25","09","01"
1404,"25051_AM","25","09","01"
1405,"25058","25","09","01"
1406,"25062_AM","25","09","01"
1407,"25072","25","09","01"
1408,"25099_AM","25","09","01"
1409,"25110","25","09","01"
1410,"25113_AM","25","09","01"
1411,"25119_AM","25","09","01"
1412,"2512001","25","09","01"
1413,"2512002","25","09","01"
1414,"2512003","25","09","01"
1415,"2512004","25","09","01"
1416,"2512005","25","09","01"
1417,"2512006","25","09","01"
1418,"2512007","25","09","01"
1419,"2512008_AD","25","09","01"
1420,"25122_AM","25","09","01"
1421,"25137","25","09","01"
1422,"25158_AM","25","09","01"
1423,"25171_AM","25","09","01"
1424,"25172_AM","25","09","01"
1425,"25173_AM","25","09","01"
1426,"25189_AM","25","09","01"
1427,"25192_AM","25","09","01"
1428,"25193_AM","25","09","01"
1429,"25203","25","09","01"
1430,"25204_AM","25","09","01"
1431,"25207","25","09","01"
1432,"25209_AM","25","09","01"
1433,"25217","25","09","01"
1434,"25223_AM","25","09","01"
1435,"25228","25","09","01"
1436,"25234","25","09","01"
1437,"25240_AM","25","09","01"
1438,"25243_AM","25","09","01"
1439,"26002_AM","26","17","01"
1440,"26005_AM","26","17","01"
1441,"26011","26","17","01"
1442,"26018","26","17","01"
1443,"26021_AM","26","17","01"
1444,"26026_AM","26","17","01"
1445,"26036","26","17","01"
1446,"26042_AM","26","17","01"
1447,"26047_AM","26","17","01"
1448,"26059_AM","26","17","01"
1449,"26061_AM","26","17","01"
1450,"26064_AM","26","17","01"
1451,"26071_AM","26","17","01"
1452,"26084","26","17","01"
1453,"2608901_AD","26","17","01"
1454,"2608902","26","17","01"
1455,"2608903","26","17","01"
1456,"2608904","26","17","01"
1457,"2608905","26","17","01"
1458,"26102","26","17","01"
1459,"26117_AM","26","17","01"
1460,"26125_AM","26","17","01"
1461,"26129_AM","26","17","01"
1462,"26138","26","17","01"
1463,"26168","26","17","01"
1464,"27005_AM","27","12","01"
1465,"27006_AM","27","12","01"
1466,"27010","27","12","01"
1467,"27011_AM","27","12","01"
1468,"27013_AM","27","12","01"
1469,"27014_AM","27","12","01"
1470,"27015","27","12","01"
1471,"27016","27","12","01"
1472,"27018_AM","27","12","01"
1473,"27019","27","12","01"
1474,"27020_AM","27","12","01"
1475,"27021_AM","27","12","01"
1476,"27022","27","12","01"
1477,"27026_AM","27","12","01"
1478,"2702801_AD","27","12","01"
1479,"2702802","27","12","01"
1480,"2702804_AD","27","12","01"
1481,"2702805","27","12","01"
1482,"2702806_AD","27","12","01"
1483,"27030_AM","27","12","01"
1484,"27031","27","12","01"
1485,"27032_AM","27","12","01"
1486,"27039_AM","27","12","01"
1487,"27040_AM","27","12","01"
1488,"27041_AM","27","12","01"
1489,"27042_AM","27","12","01"
1490,"27044_AM","27","12","01"
1491,"27048_AM","27","12","01"
1492,"27050_AM","27","12","01"
1493,"27051","27","12","01"
1494,"27057","27","12","01"
1495,"27058_AM","27","12","01"
1496,"27065","27","12","01"
1497,"27066","27","12","01"
1498,"27902","27","12","01"
1499,"28002","28","13","01"
1500,"28004","28","13","01"
1501,"2800501","28","13","01"
1502,"2800502","28","13","01"
1503,"2800503","28","13","01"
1504,"2800504","28","13","01"
1505,"2800505","28","13","01"
1506,"2800601","28","13","01"
1507,"2800701","28","13","01"
1508,"2800702","28","13","01"
1509,"2800703","28","13","01"
1510,"2800704","28","13","01"
1511,"28008_AM","28","13","01"
1512,"28009","28","13","01"
1513,"28010","28","13","01"
1514,"2801301","28","13","01"
1515,"2801302","28","13","01"
1516,"2801303","28","13","01"
1517,"2801304","28","13","01"
1518,"28014","28","13","01"
1519,"28015","28","13","01"
1520,"28018","28","13","01"
1521,"28022","28","13","01"
1522,"28023","28","13","01"
1523,"28026","28","13","01"
1524,"28027_AM","28","13","01"
1525,"28030_AM","28","13","01"
1526,"28031_AM","28","13","01"
1527,"28032_AM","28","13","01"
1528,"28033","28","13","01"
1529,"28038_AM","28","13","01"
1530,"28040","28","13","01"
1531,"28041","28","13","01"
1532,"28043","28","13","01"
1533,"28044","28","13","01"
1534,"28045","28","13","01"
1535,"28046","28","13","01"
1536,"28047","28","13","01"
1537,"2804901","28","13","01"
1538,"2804902","28","13","01"
1539,"2804903_AD","28","13","01"
1540,"28050_AM","28","13","01"
1541,"28052_AM","28","13","01"
1542,"28053","28","13","01"
1543,"28054","28","13","01"
1544,"2805801","28","13","01"
1545,"2805802","28","13","01"
1546,"2805803","28","13","01"
1547,"2805804","28","13","01"
1548,"2805805","28","13","01"
1549,"2805806","28","13","01"
1550,"2805807","28","13","01"
1551,"2805808","28","13","01"
1552,"2805809","28","13","01"
1553,"28059","28","13","01"
1554,"28060_AM","28","13","01"
1555,"28061","28","13","01"
1556,"2806501","28","13","01"
1557,"2806502","28","13","01"
1558,"2806503","28","13","01"
1559,"2806504","28","13","01"
1560,"28066","28","13","01"
1561,"28067_AM","28","13","01"
1562,"28068","28","13","01"
1563,"28072","28","13","01"
1564,"28073","28","13","01"
1565,"2807401","28","13","01"
1566,"2807402","28","13","01"
1567,"2807403","28","13","01"
1568,"2807404","28","13","01"
1569,"2807405","28","13","01"
1570,"2807406","28","13","01"
1571,"2807407","28","13","01"
1572,"28075","28","13","01"
1573,"2807901","28","13","01"
1574,"2807902","28","13","01"
1575,"2807903","28","13","01"
1576,"2807904","28","13","01"
1577,"2807905","28","13","01"
1578,"2807906","28","13","01"
1579,"2807907","28","13","01"
1580,"2807908","28","13","01"
1581,"2807909","28","13","01"
1582,"2807910","28","13","01"
1583,"2807911","28","13","01"
1584,"2807912","28","13","01"
1585,"2807913","28","13","01"
1586,"2807914","28","13","01"
1587,"2807915","28","13","01"
1588,"2807916","28","13","01"
1589,"2807917","28","13","01"
1590,"2807918","28","13","01"
1591,"2807919","28","13","01"
1592,"2807920","28","13","01"
1593,"2807921","28","13","01"
1594,"2808001","28","13","01"
1595,"2808002","28","13","01"
1596,"28082","28","13","01"
1597,"28083","28","13","01"
1598,"28084","28","13","01"
1599,"28085_AM","28","13","01"
1600,"28086","28","13","01"
1601,"28087","28","13","01"
1602,"28089","28","13","01"
1603,"28090","28","13","01"
1604,"28091","28","13","01"
1605,"2809201","28","13","01"
1606,"2809202","28","13","01"
1607,"2809203","28","13","01"
1608,"2809204","28","13","01"
1609,"28095_AM","28","13","01"
1610,"28096","28","13","01"
1611,"28099_AM","28","13","01"
1612,"28100","28","13","01"
1613,"28104","28","13","01"
1614,"2810601","28","13","01"
1615,"28108","28","13","01"
1616,"28110_AM","28","13","01"
1617,"2811301","28","13","01"
1618,"2811302","28","13","01"
1619,"2811501","28","13","01"
1620,"2811502","28","13","01"
1621,"28119_AM","28","13","01"
1622,"2812301","28","13","01"
1623,"28125_AM","28","13","01"
1624,"2812701","28","13","01"
1625,"28129","28","13","01"
1626,"28130","28","13","01"
1627,"28131","28","13","01"
1628,"28132","28","13","01"
1629,"28133_AM","28","13","01"
1630,"2813401","28","13","01"
1631,"28137_AM","28","13","01"
1632,"28140_AM","28","13","01"
1633,"28141","28","13","01"
1634,"28144","28","13","01"
1635,"28145_AM","28","13","01"
1636,"2814801","28","13","01"
1637,"2814802","28","13","01"
1638,"2814803","28","13","01"
1639,"2814804","28","13","01"
1640,"28149","28","13","01"
1641,"28150","28","13","01"
1642,"28151_AM","28","13","01"
1643,"28152","28","13","01"
1644,"28154","28","13","01"
1645,"28160","28","13","01"
1646,"2816101","28","13","01"
1647,"2816102","28","13","01"
1648,"28162_AM","28","13","01"
1649,"28164","28","13","01"
1650,"28165_AM","28","13","01"
1651,"28167","28","13","01"
1652,"28171","28","13","01"
1653,"28172","28","13","01"
1654,"28176","28","13","01"
1655,"28177","28","13","01"
1656,"28180","28","13","01"
1657,"28181","28","13","01"
1658,"28901_AM","28","13","01"
1659,"28903","28","13","01"
1660,"29001","29","01","01"
1661,"29002_AM","29","01","01"
1662,"29005","29","01","01"
1663,"29007","29","01","01"
1664,"29008","29","01","01"
1665,"29009_AM","29","01","01"
1666,"29011_AM","29","01","01"
1667,"29012","29","01","01"
1668,"29015_AM","29","01","01"
1669,"29017","29","01","01"
1670,"29023","29","01","01"
1671,"2902501","29","01","01"
1672,"2902502","29","01","01"
1673,"2902503","29","01","01"
1674,"29027_AM","29","01","01"
1675,"29028_AM","29","01","01"
1676,"29031_AM","29","01","01"
1677,"29032","29","01","01"
1678,"29038","29","01","01"
1679,"29039_AM","29","01","01"
1680,"29040_AM","29","01","01"
1681,"29041","29","01","01"
1682,"29042","29","01","01"
1683,"29045_AM","29","01","01"
1684,"29046_AM","29","01","01"
1685,"29049_AM","29","01","01"
1686,"2905101","29","01","01"
1687,"2905102","29","01","01"
1688,"2905103","29","01","01"
1689,"2905401","29","01","01"
1690,"2905402","29","01","01"
1691,"2905403","29","01","01"
1692,"2906701","29","01","01"
1693,"2906702","29","01","01"
1694,"2906703","29","01","01"
1695,"2906704","29","01","01"
1696,"2906705","29","01","01"
1697,"2906706","29","01","01"
1698,"2906707","29","01","01"
1699,"2906708","29","01","01"
1700,"2906709","29","01","01"
1701,"2906710","29","01","01"
1702,"2906711","29","01","01"
1703,"29068","29","01","01"
1704,"2906901","29","01","01"
1705,"2906902","29","01","01"
1706,"2906903","29","01","01"
1707,"2906904","29","01","01"
1708,"2907001","29","01","01"
1709,"29072","29","01","01"
1710,"29073_AM","29","01","01"
1711,"29075","29","01","01"
1712,"29076_AM","29","01","01"
1713,"29079_AM","29","01","01"
1714,"29080","29","01","01"
1715,"29082_AM","29","01","01"
1716,"29084_AM","29","01","01"
1717,"29086_AM","29","01","01"
1718,"29088_AM","29","01","01"
1719,"29089_AM","29","01","01"
1720,"29091","29","01","01"
1721,"2909401","29","01","01"
1722,"2909402_AD","29","01","01"
1723,"2909403","29","01","01"
1724,"2909404","29","01","01"
1725,"29095_AM","29","01","01"
1726,"29097_AM","29","01","01"
1727,"29100_AM","29","01","01"
1728,"29901","29","01","01"
1729,"30001","30","14","01"
1730,"30002","30","14","01"
1731,"30003","30","14","01"
1732,"30005","30","14","01"
1733,"30007","30","14","01"
1734,"30008","30","14","01"
1735,"30009","30","14","01"
1736,"30010","30","14","01"
1737,"30011","30","14","01"
1738,"30012","30","14","01"
1739,"30013","30","14","01"
1740,"30014_AM","30","14","01"
1741,"30015","30","14","01"
1742,"3001601","30","14","01"
1743,"3001602","30","14","01"
1744,"3001603","30","14","01"
1745,"3001604","30","14","01"
1746,"3001605","30","14","01"
1747,"3001606","30","14","01"
1748,"3001607","30","14","01"
1749,"3001608","30","14","01"
1750,"3001609","30","14","01"
1751,"3001610","30","14","01"
1752,"30017","30","14","01"
1753,"30018","30","14","01"
1754,"30019","30","14","01"
1755,"30020","30","14","01"
1756,"30021","30","14","01"
1757,"30022","30","14","01"
1758,"30023","30","14","01"
1759,"3002401","30","14","01"
1760,"3002402","30","14","01"
1761,"30025","30","14","01"
1762,"30026","30","14","01"
1763,"3002701","30","14","01"
1764,"30028","30","14","01"
1765,"30029_AM","30","14","01"
1766,"3003001","30","14","01"
1767,"3003002","30","14","01"
1768,"3003003","30","14","01"
1769,"3003004","30","14","01"
1770,"3003005","30","14","01"
1771,"3003006","30","14","01"
1772,"3003007","30","14","01"
1773,"3003008","30","14","01"
1774,"30033","30","14","01"
1775,"30035","30","14","01"
1776,"30036","30","14","01"
1777,"30037","30","14","01"
1778,"30038","30","14","01"
1779,"30039_AM","30","14","01"
1780,"30041","30","14","01"
1781,"30042_AM","30","14","01"
1782,"30043","30","14","01"
1783,"30901","30","14","01"
1784,"30902","30","14","01"
1785,"31010_AM","31","15","01"
1786,"31015_AM","31","15","01"
1787,"31016","31","15","01"
1788,"31019_AM","31","15","01"
1789,"31023","31","15","01"
1790,"31029_AM","31","15","01"
1791,"31036_AM","31","15","01"
1792,"31038_AM","31","15","01"
1793,"31041_AM","31","15","01"
1794,"31042_AM","31","15","01"
1795,"31050_AM","31","15","01"
1796,"31060","31","15","01"
1797,"31067_AM","31","15","01"
1798,"31070","31","15","01"
1799,"31072_AM","31","15","01"
1800,"31076_AM","31","15","01"
1801,"31077","31","15","01"
1802,"31078_AM","31","15","01"
1803,"31084_AM","31","15","01"
1804,"31086","31","15","01"
1805,"31088","31","15","01"
1806,"31092_AM","31","15","01"
1807,"31097","31","15","01"
1808,"31098_AM","31","15","01"
1809,"31104_AM","31","15","01"
1810,"31108_AM","31","15","01"
1811,"31122","31","15","01"
1812,"31138_AM","31","15","01"
1813,"31142_AM","31","15","01"
1814,"31149_AM","31","15","01"
1815,"31157_AM","31","15","01"
1816,"31163_AM","31","15","01"
1817,"31165_AM","31","15","01"
1818,"31169_AM","31","15","01"
1819,"31176_AM","31","15","01"
1820,"31191_AM","31","15","01"
1821,"3120101","31","15","01"
1822,"3120102","31","15","01"
1823,"3120103","31","15","01"
1824,"3120104","31","15","01"
1825,"3120105","31","15","01"
1826,"3120106","31","15","01"
1827,"3120107","31","15","01"
1828,"3120108","31","15","01"
1829,"31202","31","15","01"
1830,"31206_AM","31","15","01"
1831,"31208_AM","31","15","01"
1832,"31215","31","15","01"
1833,"31216_AM","31","15","01"
1834,"31221_AM","31","15","01"
1835,"31227","31","15","01"
1836,"31232","31","15","01"
1837,"31249_AM","31","15","01"
1838,"31250_AM","31","15","01"
1839,"31251_AM","31","15","01"
1840,"31258","31","15","01"
1841,"31260_AM","31","15","01"
1842,"31901","31","15","01"
1843,"31902","31","15","01"
1844,"31903","31","15","01"
1845,"31904_AM","31","15","01"
1846,"31905_AM","31","15","01"
1847,"31906_AM","31","15","01"
1848,"31907","31","15","01"
1849,"31908_AM","31","15","01"
1850,"32001_AM","32","12","01"
1851,"32004_AM","32","12","01"
1852,"32007_AM","32","12","01"
1853,"32008_AM","32","12","01"
1854,"32009","32","12","01"
1855,"32013_AM","32","12","01"
1856,"32017_AM","32","12","01"
1857,"32019","32","12","01"
1858,"32020_AM","32","12","01"
1859,"32024","32","12","01"
1860,"32026_AM","32","12","01"
1861,"32032","32","12","01"
1862,"32042_AM","32","12","01"
1863,"32043_AM","32","12","01"
1864,"32045_AM","32","12","01"
1865,"32050_AM","32","12","01"
1866,"32051_AM","32","12","01"
1867,"3205401","32","12","01"
1868,"3205402","32","12","01"
1869,"3205403","32","12","01"
1870,"3205404","32","12","01"
1871,"3205405","32","12","01"
1872,"32056_AM","32","12","01"
1873,"32058_AM","32","12","01"
1874,"32063_AM","32","12","01"
1875,"32067_AM","32","12","01"
1876,"32069","32","12","01"
1877,"32072_AM","32","12","01"
1878,"32075_AM","32","12","01"
1879,"32076_AM","32","12","01"
1880,"32085","32","12","01"
1881,"32086_AM","32","12","01"
1882,"32091_AM","32","12","01"
1883,"33001_AM","33","03","01"
1884,"33002","33","03","01"
1885,"3300401","33","03","01"
1886,"33007_AM","33","03","01"
1887,"33008_AM","33","03","01"
1888,"33011","33","03","01"
1889,"33012","33","03","01"
1890,"33014","33","03","01"
1891,"33015_AM","33","03","01"
1892,"33016","33","03","01"
1893,"33019_AM","33","03","01"
1894,"33020_AM","33","03","01"
1895,"33021","33","03","01"
1896,"33023_AM","33","03","01"
1897,"3302401","33","03","01"
1898,"3302402","33","03","01"
1899,"3302403","33","03","01"
1900,"3302404","33","03","01"
1901,"3302405","33","03","01"
1902,"3302406","33","03","01"
1903,"3302407","33","03","01"
1904,"3302408","33","03","01"
1905,"3302409","33","03","01"
1906,"33025","33","03","01"
1907,"33026_AM","33","03","01"
1908,"33031","33","03","01"
1909,"33032","33","03","01"
1910,"33033","33","03","01"
1911,"33034","33","03","01"
1912,"33035","33","03","01"
1913,"33036","33","03","01"
1914,"33037","33","03","01"
1915,"33038_AM","33","03","01"
1916,"33040_AM","33","03","01"
1917,"33041","33","03","01"
1918,"33042","33","03","01"
1919,"3304401","33","03","01"
1920,"3304402","33","03","01"
1921,"3304403","33","03","01"
1922,"3304404","33","03","01"
1923,"3304405","33","03","01"
1924,"3304406","33","03","01"
1925,"3304407","33","03","01"
1926,"3304408","33","03","01"
1927,"3304409","33","03","01"
1928,"3304410","33","03","01"
1929,"3304411","33","03","01"
1930,"3304412","33","03","01"
1931,"3304413_AD","33","03","01"
1932,"3304415","33","03","01"
1933,"3304416","33","03","01"
1934,"33045","33","03","01"
1935,"33049","33","03","01"
1936,"33051_AM","33","03","01"
1937,"33056","33","03","01"
1938,"33059","33","03","01"
1939,"33060","33","03","01"
1940,"33066","33","03","01"
1941,"33069_AM","33","03","01"
1942,"33070_AM","33","03","01"
1943,"33072_AM","33","03","01"
1944,"33073","33","03","01"
1945,"33074_AM","33","03","01"
1946,"33076","33","03","01"
1947,"34004_AM","34","07","01"
1948,"34017_AM","34","07","01"
1949,"34022_AM","34","07","01"
1950,"34023","34","07","01"
1951,"34047_AM","34","07","01"
1952,"34056_AM","34","07","01"
1953,"34069_AM","34","07","01"
1954,"34079_AM","34","07","01"
1955,"34080","34","07","01"
1956,"34083_AM","34","07","01"
1957,"3412001","34","07","01"
1958,"3412002","34","07","01"
1959,"3412003","34","07","01"
1960,"3412004","34","07","01"
1961,"3412005","34","07","01"
1962,"3412006","34","07","01"
1963,"3412007","34","07","01"
1964,"34123_AM","34","07","01"
1965,"34157_AM","34","07","01"
1966,"34199_AM","34","07","01"
1967,"34225","34","07","01"
1968,"34232_AM","34","07","01"
1969,"35001","35","05","01"
1970,"35002","35","05","01"
1971,"35003_AM","35","05","01"
1972,"3500401","35","05","01"
1973,"3500402","35","05","01"
1974,"35006","35","05","01"
1975,"35008","35","05","01"
1976,"35009","35","05","01"
1977,"35010","35","05","01"
1978,"35011","35","05","01"
1979,"35012","35","05","01"
1980,"35013","35","05","01"
1981,"35014","35","05","01"
1982,"35015","35","05","01"
1983,"3501601","35","05","01"
1984,"3501602","35","05","01"
1985,"3501603","35","05","01"
1986,"3501604","35","05","01"
1987,"3501605","35","05","01"
1988,"35017","35","05","01"
1989,"35018","35","05","01"
1990,"3501901_AD","35","05","01"
1991,"3501902","35","05","01"
1992,"3501903","35","05","01"
1993,"3501904","35","05","01"
1994,"35020","35","05","01"
1995,"35021","35","05","01"
1996,"3502203","35","05","01"
1997,"35023","35","05","01"
1998,"35024","35","05","01"
1999,"3502601_AD","35","05","01"
2000,"3502602","35","05","01"
2001,"3502603","35","05","01"
2002,"3502604","35","05","01"
2003,"3502606","35","05","01"
2004,"35027","35","05","01"
2005,"35028","35","05","01"
2006,"35029","35","05","01"
2007,"35030","35","05","01"
2008,"35031","35","05","01"
2009,"35032_AM","35","05","01"
2010,"35033","35","05","01"
2011,"35034","35","05","01"
2012,"36003_AM","36","12","01"
2013,"36004","36","12","01"
2014,"36005","36","12","01"
2015,"36006","36","12","01"
2016,"36008","36","12","01"
2017,"36009_AM","36","12","01"
2018,"36015","36","12","01"
2019,"36017","36","12","01"
2020,"36018_AM","36","12","01"
2021,"36021","36","12","01"
2022,"36022","36","12","01"
2023,"36023","36","12","01"
2024,"36024","36","12","01"
2025,"36026","36","12","01"
2026,"36027","36","12","01"
2027,"36028","36","12","01"
2028,"36029","36","12","01"
2029,"36030_AM","36","12","01"
2030,"36032_AM","36","12","01"
2031,"36033","36","12","01"
2032,"36034_AM","36","12","01"
2033,"36035","36","12","01"
2034,"36037_AM","36","12","01"
2035,"3603801","36","12","01"
2036,"3603802","36","12","01"
2037,"3603803","36","12","01"
2038,"3603804_AD","36","12","01"
2039,"3603805_AD","36","12","01"
2040,"36039","36","12","01"
2041,"36041","36","12","01"
2042,"36042","36","12","01"
2043,"36043","36","12","01"
2044,"36044","36","12","01"
2045,"36045","36","12","01"
2046,"36046","36","12","01"
2047,"36047_AM","36","12","01"
2048,"36048","36","12","01"
2049,"36049","36","12","01"
2050,"36050","36","12","01"
2051,"36051","36","12","01"
2052,"36052","36","12","01"
2053,"36053","36","12","01"
2054,"36054","36","12","01"
2055,"36055","36","12","01"
2056,"36056_AM","36","12","01"
2057,"3605701","36","12","01"
2058,"3605702","36","12","01"
2059,"3605703","36","12","01"
2060,"3605704","36","12","01"
2061,"3605705","36","12","01"
2062,"3605706","36","12","01"
2063,"3605707","36","12","01"
2064,"3605708","36","12","01"
2065,"3605709","36","12","01"
2066,"36058","36","12","01"
2067,"36059","36","12","01"
2068,"36060","36","12","01"
2069,"36061","36","12","01"
2070,"36901","36","12","01"
2071,"36902_AM","36","12","01"
2072,"37008","37","07","01"
2073,"37010_AM","37","07","01"
2074,"37014_AM","37","07","01"
2075,"37046_AM","37","07","01"
2076,"37067_AM","37","07","01"
2077,"37069_AM","37","07","01"
2078,"37073_AM","37","07","01"
2079,"37085","37","07","01"
2080,"37092_AM","37","07","01"
2081,"37103_AM","37","07","01"
2082,"37107","37","07","01"
2083,"37135_AM","37","07","01"
2084,"37136_AM","37","07","01"
2085,"37140_AM","37","07","01"
2086,"37142_AM","37","07","01"
2087,"37156","37","07","01"
2088,"37170_AM","37","07","01"
2089,"37172_AM","37","07","01"
2090,"37173_AM","37","07","01"
2091,"37174_AM","37","07","01"
2092,"37246","37","07","01"
2093,"3727401","37","07","01"
2094,"3727402","37","07","01"
2095,"3727403","37","07","01"
2096,"3727404","37","07","01"
2097,"3727405","37","07","01"
2098,"3727406","37","07","01"
2099,"37294","37","07","01"
2100,"37313_AM","37","07","01"
2101,"37322_AM","37","07","01"
2102,"37354_AM","37","07","01"
2103,"37362","37","07","01"
2104,"37374_AM","37","07","01"
2105,"37376_AM","37","07","01"
2106,"38001","38","05","01"
2107,"38004","38","05","01"
2108,"38005","38","05","01"
2109,"3800601","38","05","01"
2110,"38008","38","05","01"
2111,"38009","38","05","01"
2112,"38010","38","05","01"
2113,"38011","38","05","01"
2114,"38013_AM","38","05","01"
2115,"38015_AM","38","05","01"
2116,"38017","38","05","01"
2117,"38018","38","05","01"
2118,"38019","38","05","01"
2119,"38020_AM","38","05","01"
2120,"38022","38","05","01"
2121,"3802301","38","05","01"
2122,"3802302","38","05","01"
2123,"3802303","38","05","01"
2124,"3802304","38","05","01"
2125,"3802305","38","05","01"
2126,"3802306","38","05","01"
2127,"38024","38","05","01"
2128,"38025","38","05","01"
2129,"38026","38","05","01"
2130,"38027","38","05","01"
2131,"38028","38","05","01"
2132,"38029_AM","38","05","01"
2133,"38031","38","05","01"
2134,"38032","38","05","01"
2135,"38033_AM","38","05","01"
2136,"38034","38","05","01"
2137,"38035_AM","38","05","01"
2138,"38036_AM","38","05","01"
2139,"38037","38","05","01"
2140,"3803801","38","05","01"
2141,"3803802","38","05","01"
2142,"3803803","38","05","01"
2143,"3803804","38","05","01"
2144,"3803805","38","05","01"
2145,"3803806","38","05","01"
2146,"3803807_AD","38","05","01"
2147,"3803809","38","05","01"
2148,"3803810","38","05","01"
2149,"3803811","38","05","01"
2150,"3803812","38","05","01"
2151,"38039","38","05","01"
2152,"38040","38","05","01"
2153,"38041","38","05","01"
2154,"38042","38","05","01"
2155,"38043","38","05","01"
2156,"38045_AM","38","05","01"
2157,"38046","38","05","01"
2158,"38048","38","05","01"
2159,"38049_AM","38","05","01"
2160,"38051","38","05","01"
2161,"38053_AM","38","05","01"
2162,"39001_AM","39","06","01"
2163,"39002_AM","39","06","01"
2164,"39008","39","06","01"
2165,"39009_AM","39","06","01"
2166,"39012","39","06","01"
2167,"39016","39","06","01"
2168,"39018","39","06","01"
2169,"39020_AM","39","06","01"
2170,"39023","39","06","01"
2171,"39025","39","06","01"
2172,"39026_AM","39","06","01"
2173,"39027_AM","39","06","01"
2174,"39028","39","06","01"
2175,"39035","39","06","01"
2176,"39037_AM","39","06","01"
2177,"39040","39","06","01"
2178,"39041_AM","39","06","01"
2179,"39042","39","06","01"
2180,"39043_AM","39","06","01"
2181,"39044","39","06","01"
2182,"39047_AM","39","06","01"
2183,"39052","39","06","01"
2184,"39054","39","06","01"
2185,"39055_AM","39","06","01"
2186,"39056_AM","39","06","01"
2187,"39059","39","06","01"
2188,"39060","39","06","01"
2189,"39061_AM","39","06","01"
2190,"39073","39","06","01"
2191,"39074","39","06","01"
2192,"3907501","39","06","01"
2193,"3907502","39","06","01"
2194,"3907503","39","06","01"
2195,"3907504","39","06","01"
2196,"3907505","39","06","01"
2197,"3907506","39","06","01"
2198,"3907507","39","06","01"
2199,"3907508","39","06","01"
2200,"39076","39","06","01"
2201,"39078_AM","39","06","01"
2202,"39079","39","06","01"
2203,"39080_AM","39","06","01"
2204,"39082_AM","39","06","01"
2205,"39085","39","06","01"
2206,"3908701","39","06","01"
2207,"3908702_AD","39","06","01"
2208,"3908703","39","06","01"
2209,"3908704","39","06","01"
2210,"39091_AM","39","06","01"
2211,"39094_AM","39","06","01"
2212,"39099_AM","39","06","01"
2213,"39102_AM","39","06","01"
2214,"40032_AM","40","07","01"
2215,"40040_AM","40","07","01"
2216,"40041_AM","40","07","01"
2217,"40043_AM","40","07","01"
2218,"40057_AM","40","07","01"
2219,"40063","40","07","01"
2220,"40076","40","07","01"
2221,"40101_AM","40","07","01"
2222,"40112_AM","40","07","01"
2223,"40138_AM","40","07","01"
2224,"40141_AM","40","07","01"
2225,"40145_AM","40","07","01"
2226,"40149_AM","40","07","01"
2227,"40155","40","07","01"
2228,"40170_AM","40","07","01"
2229,"40181","40","07","01"
2230,"4019401_AD","40","07","01"
2231,"4019403","40","07","01"
2232,"4019404","40","07","01"
2233,"4019405","40","07","01"
2234,"4019406","40","07","01"
2235,"4019407","40","07","01"
2236,"40225_AM","40","07","01"
2237,"40906_AM","40","07","01"
2238,"4100401","41","01","01"
2239,"4100403","41","01","01"
2240,"4100404_AD","41","01","01"
2241,"41005","41","01","01"
2242,"41007","41","01","01"
2243,"41010","41","01","01"
2244,"41011_AM","41","01","01"
2245,"41012_AM","41","01","01"
2246,"41013","41","01","01"
2247,"41015","41","01","01"
2248,"41016","41","01","01"
2249,"41017","41","01","01"
2250,"41018","41","01","01"
2251,"41019","41","01","01"
2252,"41020","41","01","01"
2253,"41021","41","01","01"
2254,"41022","41","01","01"
2255,"41023","41","01","01"
2256,"41024","41","01","01"
2257,"41026_AM","41","01","01"
2258,"41027","41","01","01"
2259,"41029","41","01","01"
2260,"41032_AM","41","01","01"
2261,"41033_AM","41","01","01"
2262,"41034","41","01","01"
2263,"41036_AM","41","01","01"
2264,"4103801","41","01","01"
2265,"4103802","41","01","01"
2266,"4103803","41","01","01"
2267,"4103804","41","01","01"
2268,"4103805","41","01","01"
2269,"41039","41","01","01"
2270,"41040","41","01","01"
2271,"41041_AM","41","01","01"
2272,"41042","41","01","01"
2273,"41044","41","01","01"
2274,"41045","41","01","01"
2275,"41046_AM","41","01","01"
2276,"41047","41","01","01"
2277,"41048_AM","41","01","01"
2278,"41049","41","01","01"
2279,"41050","41","01","01"
2280,"41051_AM","41","01","01"
2281,"41053","41","01","01"
2282,"41055_AM","41","01","01"
2283,"41056_AM","41","01","01"
2284,"41058","41","01","01"
2285,"41059","41","01","01"
2286,"41060","41","01","01"
2287,"41064","41","01","01"
2288,"41065_AM","41","01","01"
2289,"41067_AM","41","01","01"
2290,"41068_AM","41","01","01"
2291,"41069","41","01","01"
2292,"41070","41","01","01"
2293,"41071","41","01","01"
2294,"41072","41","01","01"
2295,"41074_AM","41","01","01"
2296,"41075","41","01","01"
2297,"41076_AM","41","01","01"
2298,"41077","41","01","01"
2299,"41079","41","01","01"
2300,"41080_AM","41","01","01"
2301,"41081","41","01","01"
2302,"41082","41","01","01"
2303,"41084_AM","41","01","01"
2304,"41085","41","01","01"
2305,"41086","41","01","01"
2306,"41087","41","01","01"
2307,"41089","41","01","01"
2308,"41090_AM","41","01","01"
2309,"4109101","41","01","01"
2310,"4109102","41","01","01"
2311,"4109103","41","01","01"
2312,"4109104","41","01","01"
2313,"4109105","41","01","01"
2314,"4109106","41","01","01"
2315,"4109107","41","01","01"
2316,"4109108","41","01","01"
2317,"4109109","41","01","01"
2318,"4109110","41","01","01"
2319,"4109111","41","01","01"
2320,"41092","41","01","01"
2321,"41093","41","01","01"
2322,"41094","41","01","01"
2323,"4109501","41","01","01"
2324,"4109502_AD","41","01","01"
2325,"4109503","41","01","01"
2326,"4109505","41","01","01"
2327,"41096_AM","41","01","01"
2328,"41098","41","01","01"
2329,"41099","41","01","01"
2330,"41101","41","01","01"
2331,"41102","41","01","01"
2332,"41902","41","01","01"
2333,"41903","41","01","01"
2334,"42020","42","07","01"
2335,"42025_AM","42","07","01"
2336,"42035_AM","42","07","01"
2337,"42043_AM","42","07","01"
2338,"42069_AM","42","07","01"
2339,"42094_AM","42","07","01"
2340,"42095_AM","42","07","01"
2341,"42134_AM","42","07","01"
2342,"42162_AM","42","07","01"
2343,"42173","42","07","01"
2344,"43004","43","09","01"
2345,"43005","43","09","01"
2346,"43009_AM","43","09","01"
2347,"43012","43","09","01"
2348,"43013","43","09","01"
2349,"43014","43","09","01"
2350,"43016","43","09","01"
2351,"43019_AM","43","09","01"
2352,"43026_AM","43","09","01"
2353,"43028_AM","43","09","01"
2354,"43037","43","09","01"
2355,"43038_AM","43","09","01"
2356,"43042_AM","43","09","01"
2357,"43043_AM","43","09","01"
2358,"43044","43","09","01"
2359,"43047","43","09","01"
2360,"43050_AM","43","09","01"
2361,"43051","43","09","01"
2362,"43052_AM","43","09","01"
2363,"43054_AM","43","09","01"
2364,"43055_AM","43","09","01"
2365,"43060_AM","43","09","01"
2366,"43064_AM","43","09","01"
2367,"43086","43","09","01"
2368,"43090_AM","43","09","01"
2369,"43092","43","09","01"
2370,"43093","43","09","01"
2371,"43094_AM","43","09","01"
2372,"43100","43","09","01"
2373,"43108_AM","43","09","01"
2374,"43109_AM","43","09","01"
2375,"4312301","43","09","01"
2376,"4312302","43","09","01"
2377,"4312303","43","09","01"
2378,"4312304","43","09","01"
2379,"4312305","43","09","01"
2380,"4312306","43","09","01"
2381,"4312307","43","09","01"
2382,"4312308","43","09","01"
2383,"4312309_AD","43","09","01"
2384,"43126_AM","43","09","01"
2385,"43128_AM","43","09","01"
2386,"43129_AM","43","09","01"
2387,"43131","43","09","01"
2388,"43133","43","09","01"
2389,"43136","43","09","01"
2390,"43137_AM","43","09","01"
2391,"43138_AM","43","09","01"
2392,"43139_AM","43","09","01"
2393,"43140_AM","43","09","01"
2394,"43145","43","09","01"
2395,"4314801_AD","43","09","01"
2396,"4314804","43","09","01"
2397,"4314805","43","09","01"
2398,"4314806","43","09","01"
2399,"4314807","43","09","01"
2400,"4314808","43","09","01"
2401,"4314809","43","09","01"
2402,"43153","43","09","01"
2403,"43155","43","09","01"
2404,"43156","43","09","01"
2405,"43161","43","09","01"
2406,"43162","43","09","01"
2407,"43163","43","09","01"
2408,"43166_AM","43","09","01"
2409,"43171","43","09","01"
2410,"43176_AM","43","09","01"
2411,"43901_AM","43","09","01"
2412,"43904_AM","43","09","01"
2413,"43905","43","09","01"
2414,"43906_AM","43","09","01"
2415,"43907","43","09","01"
2416,"44008_AM","44","02","01"
2417,"44009_AM","44","02","01"
2418,"44013","44","02","01"
2419,"44014_AM","44","02","01"
2420,"44025","44","02","01"
2421,"44050_AM","44","02","01"
2422,"44051_AM","44","02","01"
2423,"44059_AM","44","02","01"
2424,"44068_AM","44","02","01"
2425,"44076_AM","44","02","01"
2426,"44153_AM","44","02","01"
2427,"44155_AM","44","02","01"
2428,"44158_AM","44","02","01"
2429,"44210_AM","44","02","01"
2430,"44216","44","02","01"
2431,"44238_AM","44","02","01"
2432,"44246_AM","44","02","01"
2433,"45002_AM","45","08","01"
2434,"45014","45","08","01"
2435,"45015_AM","45","08","01"
2436,"45016","45","08","01"
2437,"45019","45","08","01"
2438,"45020_AM","45","08","01"
2439,"45023_AM","45","08","01"
2440,"45028","45","08","01"
2441,"45031_AM","45","08","01"
2442,"45037_AM","45","08","01"
2443,"45038","45","08","01"
2444,"45040_AM","45","08","01"
2445,"45041","45","08","01"
2446,"45045_AM","45","08","01"
2447,"45046_AM","45","08","01"
2448,"45047_AM","45","08","01"
2449,"45052_AM","45","08","01"
2450,"45053","45","08","01"
2451,"45054_AM","45","08","01"
2452,"45061_AM","45","08","01"
2453,"45064_AM","45","08","01"
2454,"45066","45","08","01"
2455,"45069_AM","45","08","01"
2456,"45071_AM","45","08","01"
2457,"45081","45","08","01"
2458,"45084_AM","45","08","01"
2459,"45087","45","08","01"
2460,"45098_AM","45","08","01"
2461,"45099_AM","45","08","01"
2462,"45101_AM","45","08","01"
2463,"45102_AM","45","08","01"
2464,"45106","45","08","01"
2465,"45107","45","08","01"
2466,"45109_AM","45","08","01"
2467,"45112_AM","45","08","01"
2468,"45115_AM","45","08","01"
2469,"45118_AM","45","08","01"
2470,"45119_AM","45","08","01"
2471,"45121_AM","45","08","01"
2472,"45122","45","08","01"
2473,"45123","45","08","01"
2474,"45124_AM","45","08","01"
2475,"45125_AM","45","08","01"
2476,"45132_AM","45","08","01"
2477,"45133_AM","45","08","01"
2478,"45135_AM","45","08","01"
2479,"45136","45","08","01"
2480,"45137_AM","45","08","01"
2481,"45140_AM","45","08","01"
2482,"45142","45","08","01"
2483,"45145_AM","45","08","01"
2484,"45156_AM","45","08","01"
2485,"45157_AM","45","08","01"
2486,"45158_AM","45","08","01"
2487,"45161","45","08","01"
2488,"45163","45","08","01"
2489,"4516501","45","08","01"
2490,"4516502","45","08","01"
2491,"4516503","45","08","01"
2492,"4516504","45","08","01"
2493,"4516801_AD","45","08","01"
2494,"4516805","45","08","01"
2495,"4516806","45","08","01"
2496,"4516807","45","08","01"
2497,"45173","45","08","01"
2498,"45176","45","08","01"
2499,"45181_AM","45","08","01"
2500,"45185","45","08","01"
2501,"45187_AM","45","08","01"
2502,"45197_AM","45","08","01"
2503,"45199_AM","45","08","01"
2504,"45200_AM","45","08","01"
2505,"45201","45","08","01"
2506,"45202","45","08","01"
2507,"45203_AM","45","08","01"
2508,"45205","45","08","01"
2509,"46001_AM","46","10","01"
2510,"46005","46","10","01"
2511,"46006_AM","46","10","01"
2512,"46007_AM","46","10","01"
2513,"46008_AM","46","10","01"
2514,"46011_AM","46","10","01"
2515,"46013","46","10","01"
2516,"46014_AM","46","10","01"
2517,"46015","46","10","01"
2518,"46016_AM","46","10","01"
2519,"46017","46","10","01"
2520,"46019","46","10","01"
2521,"46020","46","10","01"
2522,"46021","46","10","01"
2523,"46022_AM","46","10","01"
2524,"46029","46","10","01"
2525,"46031","46","10","01"
2526,"46032","46","10","01"
2527,"46035","46","10","01"
2528,"46039_AM","46","10","01"
2529,"46042_AM","46","10","01"
2530,"46044","46","10","01"
2531,"46048_AM","46","10","01"
2532,"46051","46","10","01"
2533,"46054","46","10","01"
2534,"46060","46","10","01"
2535,"46062","46","10","01"
2536,"46070","46","10","01"
2537,"46072","46","10","01"
2538,"46074_AM","46","10","01"
2539,"46077","46","10","01"
2540,"46078","46","10","01"
2541,"46081","46","10","01"
2542,"46082","46","10","01"
2543,"46083","46","10","01"
2544,"46085","46","10","01"
2545,"46093_AM","46","10","01"
2546,"46094","46","10","01"
2547,"46097_AM","46","10","01"
2548,"46098_AM","46","10","01"
2549,"46102","46","10","01"
2550,"46105","46","10","01"
2551,"46106_AM","46","10","01"
2552,"46109","46","10","01"
2553,"46110","46","10","01"
2554,"46111_AM","46","10","01"
2555,"46113_AM","46","10","01"
2556,"46116","46","10","01"
2557,"46118_AM","46","10","01"
2558,"46122_AM","46","10","01"
2559,"46126","46","10","01"
2560,"46127_AM","46","10","01"
2561,"4613101_AD","46","10","01"
2562,"4613102","46","10","01"
2563,"4613104","46","10","01"
2564,"4613105","46","10","01"
2565,"4613106","46","10","01"
2566,"4613107","46","10","01"
2567,"46132_AM","46","10","01"
2568,"46134_AM","46","10","01"
2569,"46135","46","10","01"
2570,"46139","46","10","01"
2571,"46143_AM","46","10","01"
2572,"46145","46","10","01"
2573,"46147_AM","46","10","01"
2574,"46150_AM","46","10","01"
2575,"46156_AM","46","10","01"
2576,"46157_AM","46","10","01"
2577,"46159","46","10","01"
2578,"46160_AM","46","10","01"
2579,"46164","46","10","01"
2580,"46165","46","10","01"
2581,"46166","46","10","01"
2582,"46169","46","10","01"
2583,"46170_AM","46","10","01"
2584,"46171","46","10","01"
2585,"46172_AM","46","10","01"
2586,"46173_AM","46","10","01"
2587,"46177_AM","46","10","01"
2588,"46178","46","10","01"
2589,"46179_AM","46","10","01"
2590,"46181_AM","46","10","01"
2591,"46183","46","10","01"
2592,"46184","46","10","01"
2593,"46186","46","10","01"
2594,"46190","46","10","01"
2595,"46191_AM","46","10","01"
2596,"46193","46","10","01"
2597,"46194","46","10","01"
2598,"46199","46","10","01"
2599,"46200_AM","46","10","01"
2600,"46202","46","10","01"
2601,"46203_AM","46","10","01"
2602,"46204","46","10","01"
2603,"46205","46","10","01"
2604,"46207","46","10","01"
2605,"46211_AM","46","10","01"
2606,"46213","46","10","01"
2607,"46214_AM","46","10","01"
2608,"46216","46","10","01"
2609,"46218_AM","46","10","01"
2610,"4622001_AD","46","10","01"
2611,"4622004_AD","46","10","01"
2612,"4622006","46","10","01"
2613,"4622007","46","10","01"
2614,"46223","46","10","01"
2615,"46228_AM","46","10","01"
2616,"46230","46","10","01"
2617,"46231_AM","46","10","01"
2618,"46233","46","10","01"
2619,"46235","46","10","01"
2620,"46237","46","10","01"
2621,"46238","46","10","01"
2622,"4624401","46","10","01"
2623,"4624402","46","10","01"
2624,"4624403","46","10","01"
2625,"4624404","46","10","01"
2626,"46248","46","10","01"
2627,"46249","46","10","01"
2628,"4625001","46","10","01"
2629,"4625002","46","10","01"
2630,"4625003","46","10","01"
2631,"4625004","46","10","01"
2632,"4625005","46","10","01"
2633,"4625006","46","10","01"
2634,"4625007","46","10","01"
2635,"4625008","46","10","01"
2636,"4625009","46","10","01"
2637,"4625010","46","10","01"
2638,"4625011","46","10","01"
2639,"4625012","46","10","01"
2640,"4625013","46","10","01"
2641,"4625014","46","10","01"
2642,"4625015","46","10","01"
2643,"4625016","46","10","01"
2644,"4625017","46","10","01"
2645,"4625018","46","10","01"
2646,"4625019","46","10","01"
2647,"46254_AM","46","10","01"
2648,"46255_AM","46","10","01"
2649,"46256","46","10","01"
2650,"46257","46","10","01"
2651,"46258_AM","46","10","01"
2652,"46261_AM","46","10","01"
2653,"46903","46","10","01"
2654,"47004_AM","47","07","01"
2655,"47007_AM","47","07","01"
2656,"47010","47","07","01"
2657,"47023_AM","47","07","01"
2658,"47030_AM","47","07","01"
2659,"47050","47","07","01"
2660,"47052","47","07","01"
2661,"47071_AM","47","07","01"
2662,"47075","47","07","01"
2663,"47076","47","07","01"
2664,"47085","47","07","01"
2665,"47086_AM","47","07","01"
2666,"47090_AM","47","07","01"
2667,"47101_AM","47","07","01"
2668,"47104_AM","47","07","01"
2669,"47112_AM","47","07","01"
2670,"47114","47","07","01"
2671,"47129_AM","47","07","01"
2672,"47139_AM","47","07","01"
2673,"47155_AM","47","07","01"
2674,"47161","47","07","01"
2675,"47165","47","07","01"
2676,"47173_AM","47","07","01"
2677,"47175_AM","47","07","01"
2678,"4718601","47","07","01"
2679,"4718602","47","07","01"
2680,"4718603","47","07","01"
2681,"4718604","47","07","01"
2682,"4718605","47","07","01"
2683,"4718606","47","07","01"
2684,"4718607","47","07","01"
2685,"4718608","47","07","01"
2686,"4718609","47","07","01"
2687,"4718610","47","07","01"
2688,"4718611","47","07","01"
2689,"4718612","47","07","01"
2690,"47197_AM","47","07","01"
2691,"47214_AM","47","07","01"
2692,"47217_AM","47","07","01"
2693,"47231","47","07","01"
2694,"48001_AM","48","16","01"
2695,"48002","48","16","01"
2696,"48003","48","16","01"
2697,"48011","48","16","01"
2698,"48012_AM","48","16","01"
2699,"4801301","48","16","01"
2700,"4801302","48","16","01"
2701,"4801303","48","16","01"
2702,"4801304","48","16","01"
2703,"4801305","48","16","01"
2704,"4801306","48","16","01"
2705,"4801307","48","16","01"
2706,"4801308","48","16","01"
2707,"4801309","48","16","01"
2708,"48015","48","16","01"
2709,"48016","48","16","01"
2710,"48017","48","16","01"
2711,"48018_AM","48","16","01"
2712,"48019_AM","48","16","01"
2713,"4802001","48","16","01"
2714,"4802002","48","16","01"
2715,"4802003","48","16","01"
2716,"4802004","48","16","01"
2717,"4802005","48","16","01"
2718,"4802006","48","16","01"
2719,"4802007","48","16","01"
2720,"4802008","48","16","01"
2721,"48022_AM","48","16","01"
2722,"48026_AM","48","16","01"
2723,"48027","48","16","01"
2724,"48029","48","16","01"
2725,"48032","48","16","01"
2726,"48034","48","16","01"
2727,"48036","48","16","01"
2728,"48038_AM","48","16","01"
2729,"48043","48","16","01"
2730,"4804401","48","16","01"
2731,"4804402","48","16","01"
2732,"4804403","48","16","01"
2733,"48045_AM","48","16","01"
2734,"48046","48","16","01"
2735,"48054","48","16","01"
2736,"48057","48","16","01"
2737,"48060_AM","48","16","01"
2738,"48065_AM","48","16","01"
2739,"48068_AM","48","16","01"
2740,"48069","48","16","01"
2741,"48071_AM","48","16","01"
2742,"48073","48","16","01"
2743,"48074","48","16","01"
2744,"48075_AM","48","16","01"
2745,"48077_AM","48","16","01"
2746,"48078","48","16","01"
2747,"48080","48","16","01"
2748,"48082","48","16","01"
2749,"48083","48","16","01"
2750,"48084","48","16","01"
2751,"48085","48","16","01"
2752,"48086_AM","48","16","01"
2753,"48089_AM","48","16","01"
2754,"48090","48","16","01"
2755,"48094_AM","48","16","01"
2756,"48095_AM","48","16","01"
2757,"48096","48","16","01"
2758,"48901","48","16","01"
2759,"48902","48","16","01"
2760,"48904_AM","48","16","01"
2761,"48905_AM","48","16","01"
2762,"48906_AM","48","16","01"
2763,"48910_AM","48","16","01"
2764,"49003_AM","49","07","01"
2765,"49021","49","07","01"
2766,"49054_AM","49","07","01"
2767,"49065_AM","49","07","01"
2768,"49071_AM","49","07","01"
2769,"49081_AM","49","07","01"
2770,"49127_AM","49","07","01"
2771,"49129_AM","49","07","01"
2772,"49151_AM","49","07","01"
2773,"49166_AM","49","07","01"
2774,"49178_AM","49","07","01"
2775,"49187_AM","49","07","01"
2776,"49193_AM","49","07","01"
2777,"49200_AM","49","07","01"
2778,"49206_AM","49","07","01"
2779,"49219_AM","49","07","01"
2780,"49250_AM","49","07","01"
2781,"4927501","49","07","01"
2782,"4927502","49","07","01"
2783,"4927503","49","07","01"
2784,"4927504","49","07","01"
2785,"4927505","49","07","01"
2786,"50008_AM","50","02","01"
2787,"50018_AM","50","02","01"
2788,"50025","50","02","01"
2789,"50034_AM","50","02","01"
2790,"50038_AM","50","02","01"
2791,"50055_AM","50","02","01"
2792,"50062_AM","50","02","01"
2793,"50067","50","02","01"
2794,"50073_AM","50","02","01"
2795,"50074","50","02","01"
2796,"50089_AM","50","02","01"
2797,"50094_AM","50","02","01"
2798,"50095_AM","50","02","01"
2799,"50099_AM","50","02","01"
2800,"50115","50","02","01"
2801,"50118_AM","50","02","01"
2802,"50126_AM","50","02","01"
2803,"50130_AM","50","02","01"
2804,"50150_AM","50","02","01"
2805,"50159_AM","50","02","01"
2806,"50160_AM","50","02","01"
2807,"50163_AM","50","02","01"
2808,"50165_AM","50","02","01"
2809,"50181_AM","50","02","01"
2810,"50182","50","02","01"
2811,"50204_AM","50","02","01"
2812,"50208_AM","50","02","01"
2813,"50209_AM","50","02","01"
2814,"50219","50","02","01"
2815,"50222_AM","50","02","01"
2816,"50225_AM","50","02","01"
2817,"50230_AM","50","02","01"
2818,"50235_AM","50","02","01"
2819,"50240_AM","50","02","01"
2820,"50251_AM","50","02","01"
2821,"50252","50","02","01"
2822,"50272","50","02","01"
2823,"50288","50","02","01"
2824,"5029701","50","02","01"
2825,"5029702","50","02","01"
2826,"5029703","50","02","01"
2827,"5029704","50","02","01"
2828,"5029705","50","02","01"
2829,"5029706","50","02","01"
2830,"5029707","50","02","01"
2831,"5029708","50","02","01"
2832,"5029709","50","02","01"
2833,"5029710","50","02","01"
2834,"5029711","50","02","01"
2835,"5029712","50","02","01"
2836,"50298","50","02","01"
2837,"50903_AM","50","02","01"
2838,"5100101","51","18","01"
2839,"5100102","51","18","01"
2840,"5100103","51","18","01"
2841,"5100104","51","18","01"
2842,"5100105","51","18","01"
2843,"5100106","51","18","01"
2844,"5200101_AD","52","19","01"
2845,"5200102","52","19","01"
2846,"5200104","52","19","01"
2847,"5200105","52","19","01"
2848,"5200106","52","19","01"
2849,"5200107","52","19","01"
2850,"5200108","52","19","01"
